Run,ReleaseDate,LoadDate,spots,bases,spots_with_mates,avgLength,size_MB,AssemblyName,download_path,Experiment,LibraryName,LibraryStrategy,LibrarySelection,LibrarySource,LibraryLayout,InsertSize,InsertDev,Platform,Model,SRAStudy,BioProject,Study_Pubmed_id,ProjectID,Sample,BioSample,SampleType,TaxID,ScientificName,SampleName,g1k_pop_code,source,g1k_analysis_group,Subject_ID,Sex,Disease,Tumor,Affection_Status,Analyte_Type,Histological_Type,Body_Site,CenterName,Submission,dbgap_study_accession,Consent,RunHash,ReadHash
SRR351932,2011-10-12 16:31:22,2012-01-21 07:01:50,8946458,339965404,0,38,178,,https://sra-downloadb.be-md.ncbi.nlm.nih.gov/sos5/sra-pub-zq-11/SRR000/351/SRR351932/SRR351932.sralite.1,SRX100624,FN-MFLW,RNA-Seq,other,TRANSCRIPTOMIC,SINGLE,0,0,ILLUMINA,Illumina Genome Analyzer IIx,SRP008673,PRJNA73819,2,73819,SRS266735,SAMN00738528,simple,3482,Cannabis,CS-FINOLA-RNA-MFLW,,,,,,,no,,,,,UNIVERSITY OF TORONTO,SRA046749,,public,3A02FEFF0A82C86C3420D99244BEE874,980773EAD5F9A98AA103A9689B7EC3C1
SRR351933,2011-10-12 16:31:22,2012-01-21 07:02:16,9215826,875503470,0,95,546,,https://sra-downloadb.be-md.ncbi.nlm.nih.gov/sos5/sra-pub-zq-11/SRR000/351/SRR351933/SRR351933.sralite.1,SRX100625,FN-MFLW,RNA-Seq,other,TRANSCRIPTOMIC,SINGLE,0,0,ILLUMINA,Illumina HiSeq 2000,SRP008673,PRJNA73819,2,73819,SRS266735,SAMN00738528,simple,3482,Cannabis,CS-FINOLA-RNA-MFLW,,,,,,,no,,,,,UNIVERSITY OF TORONTO,SRA046749,,public,7C1EF3897EDE17A813233AA107A40582,CCD649D97338ED714529FE9865F4609D
SRR306861,2011-09-30 09:47:38,2014-05-30 20:58:13,32615791,1141552685,0,35,675,,https://sra-downloadb.be-md.ncbi.nlm.nih.gov/sos5/sra-pub-zq-11/SRR000/306/SRR306861/SRR306861.sralite.1,SRX082004,CSA_AA,RNA-Seq,cDNA,TRANSCRIPTOMIC,SINGLE,0,0,ILLUMINA,Illumina Genome Analyzer IIx,SRP006678,PRJNA80055,,80055,SRS214097,SAMN00632255,simple,3483,Cannabis sativa,CSA_S_AA,,,,,,,no,,,,,MICHIGAN STATE UNIVERSITY,SRA036208,,public,333712AFC98FFA127B921DFBF6BCD6D6,7D0498E15A74E32D7EDFCEA1478A9019
SRR306862,2011-09-30 09:47:38,2014-05-30 20:58:01,33796587,1182880545,0,35,694,,https://sra-downloadb.be-md.ncbi.nlm.nih.gov/sos5/sra-pub-zq-11/SRR000/306/SRR306862/SRR306862.sralite.1,SRX082006,CSA_AB,RNA-Seq,cDNA,TRANSCRIPTOMIC,SINGLE,0,0,ILLUMINA,Illumina Genome Analyzer IIx,SRP006678,PRJNA80055,,80055,SRS214099,SAMN00632257,simple,3483,Cannabis sativa,CSA_S_AB,,,,,,,no,,,,,MICHIGAN STATE UNIVERSITY,SRA036208,,public,0E4AEE797E6CD302767E76C295322B7F,9E0FA10BB5E3544A2C53EA1724974CD9
SRR306863,2011-09-30 09:47:38,2014-05-30 20:57:22,26277406,919709210,0,35,490,,https://sra-downloadb.be-md.ncbi.nlm.nih.gov/sos5/sra-pub-zq-11/SRR000/306/SRR306863/SRR306863.sralite.1,SRX082008,CSA_AC,RNA-Seq,cDNA,TRANSCRIPTOMIC,SINGLE,0,0,ILLUMINA,Illumina Genome Analyzer IIx,SRP006678,PRJNA80055,,80055,SRS214102,SAMN00632260,simple,3483,Cannabis sativa,CSA_S_AC,,,,,,,no,,,,,MICHIGAN STATE UNIVERSITY,SRA036208,,public,A7ABCCE066BC2B0A7BDCD5E92B264C1F,2C79425CBFC1E47ACBCD82FA0F391B89
SRR306864,2011-09-30 09:47:38,2014-05-30 20:58:08,32004197,1120146895,0,35,617,,https://sra-downloadb.be-md.ncbi.nlm.nih.gov/sos5/sra-pub-zq-11/SRR000/306/SRR306864/SRR306864.sralite.1,SRX082010,CSA_AD,RNA-Seq,cDNA,TRANSCRIPTOMIC,SINGLE,0,0,ILLUMINA,Illumina Genome Analyzer IIx,SRP006678,PRJNA80055,,80055,SRS214103,SAMN00632261,simple,3483,Cannabis sativa,CSA_S_AD,,,,,,,no,,,,,MICHIGAN STATE UNIVERSITY,SRA036208,,public,C25C9A4648C817B7604E25F1FB430482,1308BAFC625B9D3941A9C09DB640DAC8
SRR306865,2011-09-30 09:47:38,2014-05-30 20:58:12,31915405,1117039175,0,35,614,,https://sra-downloadb.be-md.ncbi.nlm.nih.gov/sos5/sra-pub-zq-11/SRR000/306/SRR306865/SRR306865.sralite.1,SRX082014,CSA_AE,RNA-Seq,cDNA,TRANSCRIPTOMIC,SINGLE,0,0,ILLUMINA,Illumina Genome Analyzer IIx,SRP006678,PRJNA80055,,80055,SRS214104,SAMN00632262,simple,3483,Cannabis sativa,CSA_S_AE,,,,,,,no,,,,,MICHIGAN STATE UNIVERSITY,SRA036208,,public,EDEA2F4EC311714AC6E051511E46F279,6B3B47A2D87CA34A0A3402856086D5B5
SRR306866,2011-09-30 09:47:38,2014-05-30 20:58:08,32424880,1134870800,0,35,641,,https://sra-downloadb.be-md.ncbi.nlm.nih.gov/sos5/sra-pub-zq-11/SRR000/306/SRR306866/SRR306866.sralite.1,SRX082015,CSA_AF,RNA-Seq,cDNA,TRANSCRIPTOMIC,SINGLE,0,0,ILLUMINA,Illumina Genome Analyzer IIx,SRP006678,PRJNA80055,,80055,SRS214105,SAMN00632263,simple,3483,Cannabis sativa,CSA_S_AF,,,,,,,no,,,,,MICHIGAN STATE UNIVERSITY,SRA036208,,public,0B92EF80C04FE2EF68A0B61763F26208,B8EF60EA701BA52221D5F1E8614AB658
SRR306867,2011-09-30 09:47:38,2014-05-30 20:58:03,29847209,1044652315,0,35,581,,https://sra-downloadb.be-md.ncbi.nlm.nih.gov/sos5/sra-pub-zq-11/SRR000/306/SRR306867/SRR306867.sralite.1,SRX082016,CSA_AG,RNA-Seq,cDNA,TRANSCRIPTOMIC,SINGLE,0,0,ILLUMINA,Illumina Genome Analyzer IIx,SRP006678,PRJNA80055,,80055,SRS214106,SAMN00632264,simple,3483,Cannabis sativa,CSA_S_AG,,,,,,,no,,,,,MICHIGAN STATE UNIVERSITY,SRA036208,,public,9DF28639BF4FC92EB8360F3CC19CAD1D,134E4911FA6D781B2941C0F8EE81F1D6
SRR306868,2011-09-30 09:47:38,2014-05-30 20:57:28,34457782,1206022370,0,35,684,,https://sra-downloadb.be-md.ncbi.nlm.nih.gov/sos5/sra-pub-zq-11/SRR000/306/SRR306868/SRR306868.sralite.1,SRX082017,CSA_AH,RNA-Seq,cDNA,TRANSCRIPTOMIC,SINGLE,0,0,ILLUMINA,Illumina Genome Analyzer IIx,SRP006678,PRJNA80055,,80055,SRS214107,SAMN00632265,simple,3483,Cannabis sativa,CSA_S_AH,,,,,,,no,,,,,MICHIGAN STATE UNIVERSITY,SRA036208,,public,2AE5F9DF3AB4ABCA2055650101958EB6,82155A9AEE747A097B550414EF6DB302
SRR306869,2011-09-30 09:47:38,2014-05-30 20:58:01,29492637,1032242295,0,35,666,,https://sra-downloadb.be-md.ncbi.nlm.nih.gov/sos5/sra-pub-zq-11/SRR000/306/SRR306869/SRR306869.sralite.1,SRX082018,CSA_AI,RNA-Seq,cDNA,TRANSCRIPTOMIC,SINGLE,0,0,ILLUMINA,Illumina Genome Analyzer IIx,SRP006678,PRJNA80055,,80055,SRS214108,SAMN00632266,simple,3483,Cannabis sativa,CSA_S_AI,,,,,,,no,,,,,MICHIGAN STATE UNIVERSITY,SRA036208,,public,D82CD8D8DC09DAC76D634223121257D3,47FE545640F46A6409BF74219680D81B
SRR306870,2011-09-30 09:47:38,2014-05-30 20:57:45,29968259,1048889065,0,35,634,,https://sra-downloadb.be-md.ncbi.nlm.nih.gov/sos5/sra-pub-zq-11/SRR000/306/SRR306870/SRR306870.sralite.1,SRX082019,CSA_AJ,RNA-Seq,cDNA,TRANSCRIPTOMIC,SINGLE,0,0,ILLUMINA,Illumina Genome Analyzer IIx,SRP006678,PRJNA80055,,80055,SRS214109,SAMN00632267,simple,3483,Cannabis sativa,CSA_S_AJ,,,,,,,no,,,,,MICHIGAN STATE UNIVERSITY,SRA036208,,public,17D9330C2655E033C4AB25DA7CFE317A,35C2AE8B54A90B182E8C21B9981FC8E7
SRR306871,2011-09-30 09:47:38,2014-05-30 20:58:37,28387480,993561800,0,35,581,,https://sra-downloadb.be-md.ncbi.nlm.nih.gov/sos5/sra-pub-zq-11/SRR000/306/SRR306871/SRR306871.sralite.1,SRX082020,CSA_AK,RNA-Seq,cDNA,TRANSCRIPTOMIC,SINGLE,0,0,ILLUMINA,Illumina Genome Analyzer IIx,SRP006678,PRJNA80055,,80055,SRS214110,SAMN00632268,simple,3483,Cannabis sativa,CSA_S_AK,,,,,,,no,,,,,MICHIGAN STATE UNIVERSITY,SRA036208,,public,DB161F41AA679653DE2AB9D913B3C465,30BF62E0AD7F6D43DB7294E57B1D3167
SRR306872,2011-09-30 09:47:38,2014-05-30 20:56:47,28470096,996453360,0,35,584,,https://sra-downloadb.be-md.ncbi.nlm.nih.gov/sos5/sra-pub-zq-11/SRR000/306/SRR306872/SRR306872.sralite.1,SRX082021,CSA_AL,RNA-Seq,cDNA,TRANSCRIPTOMIC,SINGLE,0,0,ILLUMINA,Illumina Genome Analyzer IIx,SRP006678,PRJNA80055,,80055,SRS214111,SAMN00632269,simple,3483,Cannabis sativa,CSA_S_AL,,,,,,,no,,,,,MICHIGAN STATE UNIVERSITY,SRA036208,,public,F6A73B4B49AF6420E23BDC7F2478A3C5,589FB45F7E2F2EE8826DB43874665908
SRR306874,2011-09-30 09:47:38,2014-05-30 20:58:42,32437271,1135304485,0,35,680,,https://sra-downloadb.be-md.ncbi.nlm.nih.gov/sos5/sra-pub-zq-11/SRR000/306/SRR306874/SRR306874.sralite.1,SRX082022,CSA_AM,RNA-Seq,cDNA,TRANSCRIPTOMIC,SINGLE,0,0,ILLUMINA,Illumina Genome Analyzer IIx,SRP006678,PRJNA80055,,80055,SRS214112,SAMN00632270,simple,3483,Cannabis sativa,CSA_S_AM,,,,,,,no,,,,,MICHIGAN STATE UNIVERSITY,SRA036208,,public,3293A0487E8281963B6CCC1774EF2A37,2BBD6A0F9735A5EC6EBE08CC8486FA1E
SRR306875,2011-09-30 09:47:38,2014-05-30 20:57:22,30650333,1072761655,0,35,623,,https://sra-downloadb.be-md.ncbi.nlm.nih.gov/sos5/sra-pub-zq-11/SRR000/306/SRR306875/SRR306875.sralite.1,SRX082023,CSA_AN,RNA-Seq,cDNA,TRANSCRIPTOMIC,SINGLE,0,0,ILLUMINA,Illumina Genome Analyzer IIx,SRP006678,PRJNA80055,,80055,SRS214113,SAMN00632271,simple,3483,Cannabis sativa,CSA_S_AN,,,,,,,no,,,,,MICHIGAN STATE UNIVERSITY,SRA036208,,public,7CE44EF8008B1FAC5065D095329D614E,C21BF805AFAA1DC181DA108DFDF24F06
SRR306877,2011-09-30 09:47:38,2014-05-30 20:57:33,27463817,961233595,0,35,527,,https://sra-downloadb.be-md.ncbi.nlm.nih.gov/sos5/sra-pub-zq-11/SRR000/306/SRR306877/SRR306877.sralite.1,SRX082024,CSA_AO,RNA-Seq,cDNA,TRANSCRIPTOMIC,SINGLE,0,0,ILLUMINA,Illumina Genome Analyzer IIx,SRP006678,PRJNA80055,,80055,SRS214114,SAMN00632272,simple,3483,Cannabis sativa,CSA_S_AO,,,,,,,no,,,,,MICHIGAN STATE UNIVERSITY,SRA036208,,public,F077A5DFCA05F4C1629E0D714CA71956,EA2D9C029950E47E277CBEDCD8347B7A
SRR306884,2011-09-30 09:47:38,2014-05-30 20:58:08,32304765,1130666775,0,35,684,,https://sra-downloadb.be-md.ncbi.nlm.nih.gov/sos5/sra-pub-zq-11/SRR000/306/SRR306884/SRR306884.sralite.1,SRX082025,CSA_AP,RNA-Seq,cDNA,TRANSCRIPTOMIC,SINGLE,0,0,ILLUMINA,Illumina Genome Analyzer IIx,SRP006678,PRJNA80055,,80055,SRS214115,SAMN00632273,simple,3483,Cannabis sativa,CSA_S_AP,,,,,,,no,,,,,MICHIGAN STATE UNIVERSITY,SRA036208,,public,2305E2EC355A01AB070B15F93CDCE5F1,4B428D771FADBD513D5723957A0AE3A2
SRR306885,2011-09-30 09:47:38,2014-05-30 20:58:12,33137635,1159817225,0,35,711,,https://sra-downloadb.be-md.ncbi.nlm.nih.gov/sos5/sra-pub-zq-11/SRR000/306/SRR306885/SRR306885.sralite.1,SRX082026,CSA_AQ,RNA-Seq,cDNA,TRANSCRIPTOMIC,SINGLE,0,0,ILLUMINA,Illumina Genome Analyzer IIx,SRP006678,PRJNA80055,,80055,SRS214116,SAMN00632274,simple,3483,Cannabis sativa,CSA_S_AQ,,,,,,,no,,,,,MICHIGAN STATE UNIVERSITY,SRA036208,,public,F4079F0270850642E178D09E0CFDBB8A,B4F0C427648E34E78DC0A623900EB650
SRR306886,2011-09-30 09:47:38,2014-05-30 20:57:57,25992931,909752585,0,35,505,,https://sra-downloadb.be-md.ncbi.nlm.nih.gov/sos5/sra-pub-zq-11/SRR000/306/SRR306886/SRR306886.sralite.1,SRX082027,CSA_AR,RNA-Seq,cDNA,TRANSCRIPTOMIC,SINGLE,0,0,ILLUMINA,Illumina Genome Analyzer IIx,SRP006678,PRJNA80055,,80055,SRS214117,SAMN00632275,simple,3483,Cannabis sativa,CSA_S_AR,,,,,,,no,,,,,MICHIGAN STATE UNIVERSITY,SRA036208,,public,9FA83E457A87C0F805D7215C81F4AF4A,E567246F4B87158BF1C85F9655E7CEB5
SRR192369,2011-09-30 09:47:38,2014-05-30 13:13:44,34615944,5192391600,34615944,150,2921,,https://sra-downloadb.be-md.ncbi.nlm.nih.gov/sos5/sra-pub-zq-11/SRR000/192/SRR192369/SRR192369.sralite.1,SRX060178,CSA_RE,RNA-Seq,cDNA,TRANSCRIPTOMIC,PAIRED,193,0,ILLUMINA,Illumina Genome Analyzer IIx,SRP006678,PRJNA80055,,80055,SRS190966,SAMN00262803,simple,3483,Cannabis sativa,CSA_S_RE,,,,,,,no,,,,,MICHIGAN STATE UNIVERSITY,SRA036208,,public,FAE0CDE1617375FF1493EDD9C9A925DB,56D6B7390D3DE63B0D085DE9AE047816
SRR192370,2011-09-30 09:47:38,2014-05-30 13:13:39,34238939,5135840850,34238939,150,2801,,https://sra-downloadb.be-md.ncbi.nlm.nih.gov/sos5/sra-pub-zq-11/SRR000/192/SRR192370/SRR192370.sralite.1,SRX060179,CSA_RF,RNA-Seq,cDNA,TRANSCRIPTOMIC,PAIRED,194,0,ILLUMINA,Illumina Genome Analyzer IIx,SRP006678,PRJNA80055,,80055,SRS190967,SAMN00262804,simple,3483,Cannabis sativa,CSA_S_RF,,,,,,,no,,,,,MICHIGAN STATE UNIVERSITY,SRA036208,,public,0B6567B56A26D24B77866F8E149D9048,82741D8939BB7D53CFDCB979178331B8
SRR192371,2011-09-30 09:47:38,2014-05-30 13:12:34,35193565,5279034750,35193565,150,2801,,https://sra-downloadb.be-md.ncbi.nlm.nih.gov/sos5/sra-pub-zq-11/SRR000/192/SRR192371/SRR192371.sralite.1,SRX060180,CSA_RG,RNA-Seq,cDNA,TRANSCRIPTOMIC,PAIRED,185,0,ILLUMINA,Illumina Genome Analyzer IIx,SRP006678,PRJNA80055,,80055,SRS190968,SAMN00262805,simple,3483,Cannabis sativa,CSA_S_RG,,,,,,,no,,,,,MICHIGAN STATE UNIVERSITY,SRA036208,,public,D1B672E9506807054E816825CB049E46,3FD54C41973C0D40B9858DE6125DF92D
SRR192372,2011-09-30 09:47:38,2014-05-30 13:14:57,36807802,5521170300,36807802,150,2922,,https://sra-downloadb.be-md.ncbi.nlm.nih.gov/sos5/sra-pub-zq-11/SRR000/192/SRR192372/SRR192372.sralite.1,SRX060181,CSA_RH,RNA-Seq,cDNA,TRANSCRIPTOMIC,PAIRED,173,0,ILLUMINA,Illumina Genome Analyzer IIx,SRP006678,PRJNA80055,,80055,SRS190969,SAMN00262806,simple,3483,Cannabis sativa,CSA_S_RH,,,,,,,no,,,,,MICHIGAN STATE UNIVERSITY,SRA036208,,public,4ECAB74F449B793F13AFC866D3AD2927,1C7BF1F9625FD042764CD5FB8AA82A48
SRR192373,2011-09-30 09:47:38,2014-05-30 13:12:32,30965867,4644880050,30965867,150,2377,,https://sra-downloadb.be-md.ncbi.nlm.nih.gov/sos5/sra-pub-zq-11/SRR000/192/SRR192373/SRR192373.sralite.1,SRX060182,CSA_RI,RNA-Seq,cDNA,TRANSCRIPTOMIC,PAIRED,223,0,ILLUMINA,Illumina Genome Analyzer IIx,SRP006678,PRJNA80055,,80055,SRS190970,SAMN00262807,simple,3483,Cannabis sativa,CSA_S_RI,,,,,,,no,,,,,MICHIGAN STATE UNIVERSITY,SRA036208,,public,E0DBC4FD27C3DC961337BAB85DBAFCF9,729758CDBCBB058C9796E852009D825E
SRR10600944,2019-12-09 05:17:16,2019-12-07 15:33:55,36007599,9620426227,36007573,267,3861,,https://sra-downloadb.be-md.ncbi.nlm.nih.gov/sos5/sra-pub-zq-14/SRR010/600/SRR10600944.sralite.1,SRX7280515,Female_Flower_Stage1-Rep1,RNA-Seq,RANDOM,TRANSCRIPTOMIC,PAIRED,0,0,ILLUMINA,Illumina HiSeq 3000,SRP234963,PRJNA560453,3,560453,SRS5774372,SAMN13503240,simple,3483,Cannabis sativa,Female_Flower_Stage1-Rep1,,,,,,,no,,,,,DJPR,SRA1007279,,public,8FC9558C21141B9E3CE72757415B01B0,FE3E841EA495302E0D1BC57B69402608
SRR10600943,2019-12-09 05:17:16,2019-12-07 15:25:43,22908812,6103610621,22908795,266,2432,,https://sra-downloadb.be-md.ncbi.nlm.nih.gov/sos5/sra-pub-zq-16/SRR010/600/SRR10600943.sralite.1,SRX7280516,Female_Flower_Stage1-Rep2,RNA-Seq,RANDOM,TRANSCRIPTOMIC,PAIRED,0,0,ILLUMINA,Illumina HiSeq 3000,SRP234963,PRJNA560453,3,560453,SRS5774373,SAMN13503241,simple,3483,Cannabis sativa,Female_Flower_Stage1-Rep2,,,,,,,no,,,,,DJPR,SRA1007279,,public,F95DD34AD8045579E1C8B346E3918A54,263A8F5CEE6822123E2DBF08257C0A23
SRR10600932,2019-12-09 05:17:16,2019-12-07 15:19:30,32911024,8837468281,32911013,268,3406,,https://sra-downloadb.be-md.ncbi.nlm.nih.gov/sos5/sra-pub-zq-16/SRR010/600/SRR10600932.sralite.1,SRX7280527,Female_Flower_Stage1-Rep3,RNA-Seq,RANDOM,TRANSCRIPTOMIC,PAIRED,0,0,ILLUMINA,Illumina HiSeq 3000,SRP234963,PRJNA560453,3,560453,SRS5774384,SAMN13503242,simple,3483,Cannabis sativa,Female_Flower_Stage1-Rep3,,,,,,,no,,,,,DJPR,SRA1007279,,public,E188EA695A5E4255F8BCF55F4F0D3CA8,7826E18B2020EE9A7672992EF581E207
SRR10600921,2019-12-09 05:17:16,2019-12-07 15:19:44,47719634,12838737043,47719592,269,4902,,https://sra-downloadb.be-md.ncbi.nlm.nih.gov/sos5/sra-pub-zq-16/SRR010/600/SRR10600921.sralite.1,SRX7280538,Female_Flower_Stage1-Rep4,RNA-Seq,RANDOM,TRANSCRIPTOMIC,PAIRED,0,0,ILLUMINA,Illumina HiSeq 3000,SRP234963,PRJNA560453,3,560453,SRS5774395,SAMN13503243,simple,3483,Cannabis sativa,Female_Flower_Stage1-Rep4,,,,,,,no,,,,,DJPR,SRA1007279,,public,AF1185F680846CF3C927F20865944C23,1DE02A52367AE25E747315DD3B12F4F6
SRR10600942,2019-12-09 05:17:16,2019-12-07 15:33:20,35321346,9463039616,35321317,267,3775,,https://sra-downloadb.be-md.ncbi.nlm.nih.gov/sos5/sra-pub-zq-16/SRR010/600/SRR10600942.sralite.1,SRX7280517,Female_Flower_Stage2-Rep5,RNA-Seq,RANDOM,TRANSCRIPTOMIC,PAIRED,0,0,ILLUMINA,Illumina HiSeq 3000,SRP234963,PRJNA560453,3,560453,SRS5774374,SAMN13503250,simple,3483,Cannabis sativa,Female_Flower_Stage2-Rep5,,,,,,,no,,,,,DJPR,SRA1007279,,public,521DC045FE566B93F72C4E2791150183,402E5D3C580365015FB556541E1B50E9
SRR10600941,2019-12-09 05:17:16,2019-12-07 15:29:55,37185276,9914137901,37185244,266,4040,,https://sra-downloadb.be-md.ncbi.nlm.nih.gov/sos9/sra-pub-zq-922/SRR010/600/SRR10600941.sralite.1,SRX7280518,Female_Flower_Stage2-Rep6,RNA-Seq,RANDOM,TRANSCRIPTOMIC,PAIRED,0,0,ILLUMINA,Illumina HiSeq 3000,SRP234963,PRJNA560453,3,560453,SRS5774375,SAMN13503251,simple,3483,Cannabis sativa,Female_Flower_Stage2-Rep6,,,,,,,no,,,,,DJPR,SRA1007279,,public,EC86EE7B0613DF3DCB88B09C704BFE05,8B7AB9A85C11EE28EBC47B71C83DA532
SRR10600940,2019-12-09 05:17:16,2019-12-07 15:22:25,29283691,7849955410,29283668,268,3009,,https://sra-downloadb.be-md.ncbi.nlm.nih.gov/sos5/sra-pub-zq-14/SRR010/600/SRR10600940.sralite.1,SRX7280519,Female_Flower_Stage3-Rep1,RNA-Seq,RANDOM,TRANSCRIPTOMIC,PAIRED,0,0,ILLUMINA,Illumina HiSeq 3000,SRP234963,PRJNA560453,3,560453,SRS5774376,SAMN13503252,simple,3483,Cannabis sativa,Female_Flower_Stage3-Rep1,,,,,,,no,,,,,DJPR,SRA1007279,,public,694CDE14F7AA8E7FD5DFC63350FF0896,FC7704FC0FEE4EAAC5728A07F23667C0
SRR10600939,2019-12-09 05:17:16,2019-12-07 15:23:50,32965749,8836303033,32965728,268,3510,,https://sra-downloadb.be-md.ncbi.nlm.nih.gov/sos5/sra-pub-zq-14/SRR010/600/SRR10600939.sralite.1,SRX7280520,Female_Flower_Stage3-Rep2,RNA-Seq,RANDOM,TRANSCRIPTOMIC,PAIRED,0,0,ILLUMINA,Illumina HiSeq 3000,SRP234963,PRJNA560453,3,560453,SRS5774377,SAMN13503253,simple,3483,Cannabis sativa,Female_Flower_Stage3-Rep2,,,,,,,no,,,,,DJPR,SRA1007279,,public,F6B738B14FA05B0D07F4E2F28C651328,37324AA092E082773CF3815A88232217
SRR10600938,2019-12-09 05:17:16,2019-12-07 15:21:07,28400396,7582319871,28400380,266,3042,,https://sra-downloadb.be-md.ncbi.nlm.nih.gov/sos5/sra-pub-zq-16/SRR010/600/SRR10600938.sralite.1,SRX7280521,Female_Flower_Stage3-Rep3,RNA-Seq,RANDOM,TRANSCRIPTOMIC,PAIRED,0,0,ILLUMINA,Illumina HiSeq 3000,SRP234963,PRJNA560453,3,560453,SRS5774378,SAMN13503254,simple,3483,Cannabis sativa,Female_Flower_Stage3-Rep3,,,,,,,no,,,,,DJPR,SRA1007279,,public,B072C044B5E995ED9BC08EF5A2EFE75B,D66EF6A61F0F10DC1FB24949CF5E17F1
SRR10600937,2019-12-09 05:17:16,2019-12-07 15:24:39,37387539,9913342078,37387519,265,3958,,https://sra-downloadb.be-md.ncbi.nlm.nih.gov/sos4/sra-pub-zq-1/SRR010/10600/SRR10600937/SRR10600937.lite.1,SRX7280522,Female_Flower_Stage3-Rep4,RNA-Seq,RANDOM,TRANSCRIPTOMIC,PAIRED,0,0,ILLUMINA,Illumina HiSeq 3000,SRP234963,PRJNA560453,3,560453,SRS5774379,SAMN13503255,simple,3483,Cannabis sativa,Female_Flower_Stage3-Rep4,,,,,,,no,,,,,DJPR,SRA1007279,,public,0B7B32AEF0EFCDDF055CC7FE7386E249,1F8E4EC876ADEEF5973D9F4D19D87137
SRR10600936,2019-12-09 05:17:16,2019-12-07 15:23:37,28351296,7588861407,28351269,267,3035,,https://sra-downloadb.be-md.ncbi.nlm.nih.gov/sos5/sra-pub-zq-14/SRR010/600/SRR10600936.sralite.1,SRX7280523,Female_Flower_Stage3-Rep5,RNA-Seq,RANDOM,TRANSCRIPTOMIC,PAIRED,0,0,ILLUMINA,Illumina HiSeq 3000,SRP234963,PRJNA560453,3,560453,SRS5774380,SAMN13503256,simple,3483,Cannabis sativa,Female_Flower_Stage3-Rep5,,,,,,,no,,,,,DJPR,SRA1007279,,public,CA51CFAEAA5ADA8286C7DC84A011F5B0,85E4B7B2DFD530EF693A510112D936B7
SRR10600935,2019-12-09 05:17:16,2019-12-07 15:23:07,31991387,8592955045,31991368,268,3470,,https://sra-downloadb.be-md.ncbi.nlm.nih.gov/sos5/sra-pub-zq-14/SRR010/600/SRR10600935.sralite.1,SRX7280524,Female_Flower_Stage3-Rep6,RNA-Seq,RANDOM,TRANSCRIPTOMIC,PAIRED,0,0,ILLUMINA,Illumina HiSeq 3000,SRP234963,PRJNA560453,3,560453,SRS5774381,SAMN13503257,simple,3483,Cannabis sativa,Female_Flower_Stage3-Rep6,,,,,,,no,,,,,DJPR,SRA1007279,,public,ADC2B32AC4A781F1364278016E4C578C,6C865D94D37EA77AA99C11B37A9990D1
SRR10600934,2019-12-09 05:17:16,2019-12-07 15:28:51,49375031,13286611227,49374995,269,5037,,https://sra-downloadb.be-md.ncbi.nlm.nih.gov/sos9/sra-pub-zq-922/SRR010/600/SRR10600934.sralite.1,SRX7280525,Female_Flower_Stage4-Rep1,RNA-Seq,RANDOM,TRANSCRIPTOMIC,PAIRED,0,0,ILLUMINA,Illumina HiSeq 3000,SRP234963,PRJNA560453,3,560453,SRS5774382,SAMN13503258,simple,3483,Cannabis sativa,Female_Flower_Stage4-Rep1,,,,,,,no,,,,,DJPR,SRA1007279,,public,0C3AA881024B49D845CCC245887AAF78,5ED85A83DF40E3456F9968A5EE85067F
SRR10600933,2019-12-09 05:17:16,2019-12-07 15:22:15,44934437,11935651985,44934408,265,4741,,https://sra-downloadb.be-md.ncbi.nlm.nih.gov/sos5/sra-pub-zq-14/SRR010/600/SRR10600933.sralite.1,SRX7280526,Female_Flower_Stage4-Rep2,RNA-Seq,RANDOM,TRANSCRIPTOMIC,PAIRED,0,0,ILLUMINA,Illumina HiSeq 3000,SRP234963,PRJNA560453,3,560453,SRS5774383,SAMN13503259,simple,3483,Cannabis sativa,Female_Flower_Stage4-Rep2,,,,,,,no,,,,,DJPR,SRA1007279,,public,BF77D0DD0D36B91A7F88287A1C2832C8,5FFE07F505645ADF8B2CACA85AF2453A
SRR10600931,2019-12-09 05:17:16,2019-12-07 15:20:22,36082246,9587299579,36082216,265,3861,,https://sra-downloadb.be-md.ncbi.nlm.nih.gov/sos5/sra-pub-zq-16/SRR010/600/SRR10600931.sralite.1,SRX7280528,Female_Flower_Stage4-Rep3,RNA-Seq,RANDOM,TRANSCRIPTOMIC,PAIRED,0,0,ILLUMINA,Illumina HiSeq 3000,SRP234963,PRJNA560453,3,560453,SRS5774385,SAMN13503260,simple,3483,Cannabis sativa,Female_Flower_Stage4-Rep3,,,,,,,no,,,,,DJPR,SRA1007279,,public,725B29117CA20184B25A284C5DF4E525,E9B98B230C94C2D47B37DBDCA0C8850C
SRR10600930,2019-12-09 05:17:16,2019-12-07 15:22:11,40078413,10736731571,40078394,267,4065,,https://sra-downloadb.be-md.ncbi.nlm.nih.gov/sos5/sra-pub-zq-14/SRR010/600/SRR10600930.sralite.1,SRX7280529,Female_Flower_Stage4-Rep4,RNA-Seq,RANDOM,TRANSCRIPTOMIC,PAIRED,0,0,ILLUMINA,Illumina HiSeq 3000,SRP234963,PRJNA560453,3,560453,SRS5774386,SAMN13503261,simple,3483,Cannabis sativa,Female_Flower_Stage4-Rep4,,,,,,,no,,,,,DJPR,SRA1007279,,public,BC2BB07CCFD90359D58C9082D35A4062,7879BB39127486E02B504D7168B955FD
SRR10600929,2019-12-09 05:17:16,2019-12-07 15:17:26,30408826,8127161440,30408801,267,3181,,https://sra-downloadb.be-md.ncbi.nlm.nih.gov/sos9/sra-pub-zq-922/SRR010/600/SRR10600929.sralite.1,SRX7280530,Female_Flower_Stage4-Rep5,RNA-Seq,RANDOM,TRANSCRIPTOMIC,PAIRED,0,0,ILLUMINA,Illumina HiSeq 3000,SRP234963,PRJNA560453,3,560453,SRS5774387,SAMN13503262,simple,3483,Cannabis sativa,Female_Flower_Stage4-Rep5,,,,,,,no,,,,,DJPR,SRA1007279,,public,AC41264962515631048C59DC5F15A2B4,4FA98E06030DECA5FF4A2561786CE153
SRR10600928,2019-12-09 05:17:16,2019-12-07 15:17:48,33799788,9063765909,33799759,268,3632,,https://sra-downloadb.be-md.ncbi.nlm.nih.gov/sos9/sra-pub-zq-922/SRR010/600/SRR10600928.sralite.1,SRX7280531,Female_Flower_Stage4-Rep6,RNA-Seq,RANDOM,TRANSCRIPTOMIC,PAIRED,0,0,ILLUMINA,Illumina HiSeq 3000,SRP234963,PRJNA560453,3,560453,SRS5774388,SAMN13503263,simple,3483,Cannabis sativa,Female_Flower_Stage4-Rep6,,,,,,,no,,,,,DJPR,SRA1007279,,public,4E19AC85896B660DE326DA662F23D2C2,55FAE73091073E8C6D7FD19319589385
SRR352196,2011-10-12 22:31:10,2012-01-21 07:11:42,37472665,3559903175,0,95,2242,,https://sra-downloadb.be-md.ncbi.nlm.nih.gov/sos5/sra-pub-zq-14/SRR000/352/SRR352196.sralite.1,SRX100738,PK-EFLW,RNA-Seq,other,TRANSCRIPTOMIC,SINGLE,0,0,ILLUMINA,Illumina HiSeq 2000,SRP008673,PRJNA73819,2,73819,SRS266823,SAMN00738620,simple,3483,Cannabis sativa,PK-EFLW,,,,,,,no,,,,,UNIVERSITY OF TORONTO,SRA046746,,public,CD1F86FCEFE9900B6ACC5DDD46064072,4DE4E5769FEB0226EB5EE96F708AAFED
SRR352195,2011-10-12 22:31:10,2012-01-21 07:11:45,37835287,3594352265,0,95,2252,,https://sra-downloadb.be-md.ncbi.nlm.nih.gov/sos5/sra-pub-zq-14/SRR000/352/SRR352195.sralite.1,SRX100737,PK-MFLW,RNA-Seq,other,TRANSCRIPTOMIC,SINGLE,0,0,ILLUMINA,Illumina HiSeq 2000,SRP008673,PRJNA73819,2,73819,SRS266822,SAMN00738619,simple,3483,Cannabis sativa,PK-MFLW,,,,,,,no,,,,,UNIVERSITY OF TORONTO,SRA046746,,public,2C08E8EB5B194D0C0A4268D508F2F34E,550E75D3B961682DCF4CFDBDFCC97BC8
SRR352198,2011-10-12 22:31:10,2012-01-21 07:13:06,54026640,5132530800,0,95,3301,,https://sra-downloadb.be-md.ncbi.nlm.nih.gov/sos5/sra-pub-zq-14/SRR000/352/SRR352198.sralite.1,SRX100739,PK-PFLW,RNA-Seq,other,TRANSCRIPTOMIC,SINGLE,0,0,ILLUMINA,Illumina HiSeq 2000,SRP008673,PRJNA73819,2,73819,SRS266824,SAMN00738621,simple,3483,Cannabis sativa,PK-PFLW,,,,,,,no,,,,,UNIVERSITY OF TORONTO,SRA046746,,public,06FA0AF5123097246FD8F523EBA5691C,D93E8BB80FB2DD756DF1683DE4D65733
SRR352202,2011-10-12 22:31:10,2012-01-21 07:11:56,37374640,3550590800,0,95,2275,,https://sra-downloadb.be-md.ncbi.nlm.nih.gov/sos5/sra-pub-zq-11/SRR000/352/SRR352202/SRR352202.sralite.1,SRX100744,PK-RT,RNA-Seq,other,TRANSCRIPTOMIC,SINGLE,0,0,ILLUMINA,Illumina HiSeq 2000,SRP008673,PRJNA73819,2,73819,SRS266829,SAMN00738626,simple,3483,Cannabis sativa,PK-RT,,,,,,,no,,,,,UNIVERSITY OF TORONTO,SRA046746,,public,BED0FDBC1308FA69B707947465488A2B,FC74B64F5EFBAFA4BA257821F1D9D69C
SRR352200,2011-10-12 22:31:10,2012-01-21 07:13:07,55653984,5287128480,0,95,3410,,https://sra-downloadb.be-md.ncbi.nlm.nih.gov/sos5/sra-pub-zq-11/SRR000/352/SRR352200/SRR352200.sralite.1,SRX100740,PK-SHT,RNA-Seq,other,TRANSCRIPTOMIC,SINGLE,0,0,ILLUMINA,Illumina HiSeq 2000,SRP008673,PRJNA73819,2,73819,SRS266825,SAMN00738622,simple,3483,Cannabis sativa,PK-SHT,,,,,,,no,,,,,UNIVERSITY OF TORONTO,SRA046746,,public,F986481F573954900024560EC18233FF,92DF7A0AABA18A32F708922A1350A098
SRR352201,2011-10-12 22:31:10,2012-01-21 07:13:23,60353149,5733549155,0,95,3744,,https://sra-downloadb.be-md.ncbi.nlm.nih.gov/sos5/sra-pub-zq-11/SRR000/352/SRR352201/SRR352201.sralite.1,SRX100742,PK-STM,RNA-Seq,other,GENOMIC,SINGLE,0,0,ILLUMINA,Illumina HiSeq 2000,SRP008673,PRJNA73819,2,73819,SRS266826,SAMN00738623,simple,3483,Cannabis sativa,PK-STM,,,,,,,no,,,,,UNIVERSITY OF TORONTO,SRA046746,,public,F66E059FA97F6053D815E0A56B7C57F1,2076A0DC29C6D73E69B7FC472463D6B0
SRR10600927,2019-12-09 05:17:16,2019-12-07 15:24:49,46317276,12443370279,46317220,268,4811,,https://sra-downloadb.be-md.ncbi.nlm.nih.gov/sos5/sra-pub-zq-16/SRR010/600/SRR10600927.sralite.1,SRX7280532,Trichome_Stage1-Rep1,RNA-Seq,RANDOM,TRANSCRIPTOMIC,PAIRED,0,0,ILLUMINA,Illumina HiSeq 3000,SRP234963,PRJNA560453,3,560453,SRS5774389,SAMN13503264,simple,3483,Cannabis sativa,Trichome_Stage1-Rep1,,,,,,,no,,,,,DJPR,SRA1007279,,public,129D7CE2A4958019BEBD4C2E28E7B25F,1C758D1AF8673BA905C04791D61C9E30
SRR10600926,2019-12-09 05:17:16,2019-12-07 15:41:06,80045509,21338902596,80045423,266,8306,,https://sra-downloadb.be-md.ncbi.nlm.nih.gov/sos5/sra-pub-zq-14/SRR010/600/SRR10600926.sralite.1,SRX7280533,Trichome_Stage1-Rep2,RNA-Seq,RANDOM,TRANSCRIPTOMIC,PAIRED,0,0,ILLUMINA,Illumina HiSeq 3000,SRP234963,PRJNA560453,3,560453,SRS5774390,SAMN13503265,simple,3483,Cannabis sativa,Trichome_Stage1-Rep2,,,,,,,no,,,,,DJPR,SRA1007279,,public,840C2E8331A168C933F44B0D9AF244EE,57496341522C425F3B2D1D288F39832E
SRR10600925,2019-12-09 05:17:16,2019-12-07 15:14:50,31434069,8447668597,31434039,268,3267,,https://sra-downloadb.be-md.ncbi.nlm.nih.gov/sos5/sra-pub-zq-16/SRR010/600/SRR10600925.sralite.1,SRX7280534,Trichome_Stage1-Rep3,RNA-Seq,RANDOM,TRANSCRIPTOMIC,PAIRED,0,0,ILLUMINA,Illumina HiSeq 3000,SRP234963,PRJNA560453,3,560453,SRS5774391,SAMN13503266,simple,3483,Cannabis sativa,Trichome_Stage1-Rep3,,,,,,,no,,,,,DJPR,SRA1007279,,public,25343E1C4CCD91E73FC4ABF1944A6E53,51B0BD0EDCE5D6FA52298EE7EB1F7D19
SRR10600924,2019-12-09 05:17:16,2019-12-07 15:51:36,91580845,24671800529,91580736,269,9580,,https://sra-downloadb.be-md.ncbi.nlm.nih.gov/sos5/sra-pub-zq-16/SRR010/600/SRR10600924.sralite.1,SRX7280535,Trichome_Stage1-Rep4,RNA-Seq,RANDOM,TRANSCRIPTOMIC,PAIRED,0,0,ILLUMINA,Illumina HiSeq 3000,SRP234963,PRJNA560453,3,560453,SRS5774392,SAMN13503267,simple,3483,Cannabis sativa,Trichome_Stage1-Rep4,,,,,,,no,,,,,DJPR,SRA1007279,,public,52CAA48C1440D1ECF6C906629997C8EE,165A3DA00584C74DEBF471FFB5735F75
SRR10600923,2019-12-09 05:17:16,2019-12-07 15:14:22,34041696,9161410692,34041677,269,3557,,https://sra-downloadb.be-md.ncbi.nlm.nih.gov/sos5/sra-pub-zq-16/SRR010/600/SRR10600923.sralite.1,SRX7280536,Trichome_Stage1-Rep5,RNA-Seq,RANDOM,TRANSCRIPTOMIC,PAIRED,0,0,ILLUMINA,Illumina HiSeq 3000,SRP234963,PRJNA560453,3,560453,SRS5774393,SAMN13503268,simple,3483,Cannabis sativa,Trichome_Stage1-Rep5,,,,,,,no,,,,,DJPR,SRA1007279,,public,0E528F722CD6CBE0022C689E42F7A7E0,CFC6739872A05376AE1B8BF888F44DF9
SRR10600922,2019-12-09 05:17:16,2019-12-07 15:07:25,20260992,5442945482,20260975,268,2121,,https://sra-downloadb.be-md.ncbi.nlm.nih.gov/sos9/sra-pub-zq-922/SRR010/600/SRR10600922.sralite.1,SRX7280537,Trichome_Stage1-Rep6,RNA-Seq,RANDOM,TRANSCRIPTOMIC,PAIRED,0,0,ILLUMINA,Illumina HiSeq 3000,SRP234963,PRJNA560453,3,560453,SRS5774394,SAMN13503269,simple,3483,Cannabis sativa,Trichome_Stage1-Rep6,,,,,,,no,,,,,DJPR,SRA1007279,,public,FCF8AA954A665D7764AD556E2DD0BD79,77B61AACF9AA3C5B334F555BAA1BF020
SRR10600920,2019-12-09 05:17:16,2019-12-07 15:13:57,40463764,10818727054,40463723,267,4353,,https://sra-downloadb.be-md.ncbi.nlm.nih.gov/sos5/sra-pub-zq-16/SRR010/600/SRR10600920.sralite.1,SRX7280539,Trichome_Stage2-Rep1,RNA-Seq,RANDOM,TRANSCRIPTOMIC,PAIRED,0,0,ILLUMINA,Illumina HiSeq 3000,SRP234963,PRJNA560453,3,560453,SRS5774396,SAMN13503270,simple,3483,Cannabis sativa,Trichome_Stage2-Rep1,,,,,,,no,,,,,DJPR,SRA1007279,,public,53E9FED5DFBD639AB5D1A4DEB5025957,0F63E847D2E302E180C7E19267A0E37C
SRR10600919,2019-12-09 05:17:16,2019-12-07 15:23:17,58987792,15873413801,58987738,269,6127,,https://sra-downloadb.be-md.ncbi.nlm.nih.gov/sos5/sra-pub-zq-14/SRR010/600/SRR10600919.sralite.1,SRX7280540,Trichome_Stage2-Rep2,RNA-Seq,RANDOM,TRANSCRIPTOMIC,PAIRED,0,0,ILLUMINA,Illumina HiSeq 3000,SRP234963,PRJNA560453,3,560453,SRS5774397,SAMN13503271,simple,3483,Cannabis sativa,Trichome_Stage2-Rep2,,,,,,,no,,,,,DJPR,SRA1007279,,public,F5839CDDE8F41AB3108819BFC8CFA69A,3DE0D581B404A81AA2E50A4B516278F1
SRR10600918,2019-12-09 05:17:16,2019-12-07 15:17:26,52642846,14179887985,52642814,269,5275,,https://sra-downloadb.be-md.ncbi.nlm.nih.gov/sos5/sra-pub-zq-16/SRR010/600/SRR10600918.sralite.1,SRX7280541,Trichome_Stage2-Rep3,RNA-Seq,RANDOM,TRANSCRIPTOMIC,PAIRED,0,0,ILLUMINA,Illumina HiSeq 3000,SRP234963,PRJNA560453,3,560453,SRS5774398,SAMN13503272,simple,3483,Cannabis sativa,Trichome_Stage2-Rep3,,,,,,,no,,,,,DJPR,SRA1007279,,public,34085E8FA096D64D935FB59259F925A3,8ADD6F0F0DA532F4DD73352E801EA718
SRR10600917,2019-12-09 05:17:16,2019-12-07 15:24:11,60482866,16119288021,60482766,266,6449,,https://sra-downloadb.be-md.ncbi.nlm.nih.gov/sos5/sra-pub-zq-14/SRR010/600/SRR10600917.sralite.1,SRX7280542,Trichome_Stage2-Rep4,RNA-Seq,RANDOM,TRANSCRIPTOMIC,PAIRED,0,0,ILLUMINA,Illumina HiSeq 3000,SRP234963,PRJNA560453,3,560453,SRS5774399,SAMN13503273,simple,3483,Cannabis sativa,Trichome_Stage2-Rep4,,,,,,,no,,,,,DJPR,SRA1007279,,public,40C37D72D79D4B1CE1AB3373FCEF62A7,8EEB54928156B56961215FE74B6948E3
SRR10600916,2019-12-09 05:17:16,2019-12-07 15:06:01,31429149,8441908094,31429137,268,3302,,https://sra-downloadb.be-md.ncbi.nlm.nih.gov/sos5/sra-pub-zq-16/SRR010/600/SRR10600916.sralite.1,SRX7280543,Trichome_Stage2-Rep5,RNA-Seq,RANDOM,TRANSCRIPTOMIC,PAIRED,0,0,ILLUMINA,Illumina HiSeq 3000,SRP234963,PRJNA560453,3,560453,SRS5774400,SAMN13503274,simple,3483,Cannabis sativa,Trichome_Stage2-Rep5,,,,,,,no,,,,,DJPR,SRA1007279,,public,214EBD25932D3EDCE35F68C47448D992,D9800F9ADA27D6FA7B6016B7799E63F0
SRR10600896,2019-12-09 05:17:17,2019-12-07 15:04:51,78434853,20677465690,78434829,263,8429,,https://sra-downloadb.be-md.ncbi.nlm.nih.gov/sos5/sra-pub-zq-14/SRR010/600/SRR10600896.sralite.1,SRX7280563,Female Dried floral bud,RNA-Seq,RANDOM,TRANSCRIPTOMIC,PAIRED,0,0,ILLUMINA,Illumina HiSeq 3000,SRP234963,PRJNA560453,3,560453,SRS5774420,SAMN13503292,simple,3483,Cannabis sativa,Female Dried floral bud,,,,,,,no,,,,,DJPR,SRA1007279,,public,B463B09989DB9D0D12EF23436E4E18AE,ED9A1F34E68A05C317A74494A8D0E2F5
SRR10600892,2019-12-09 05:17:17,2019-12-07 14:58:48,63469871,16905778499,63469816,266,6483,,https://sra-downloadb.be-md.ncbi.nlm.nih.gov/sos9/sra-pub-zq-922/SRR010/600/SRR10600892.sralite.1,SRX7280567,Female Immature budding plant reproductive leaf,RNA-Seq,RANDOM,TRANSCRIPTOMIC,PAIRED,0,0,ILLUMINA,Illumina HiSeq 3000,SRP234963,PRJNA560453,3,560453,SRS5774424,SAMN13503296,simple,3483,Cannabis sativa,Female Immature budding plant reproductive leaf,,,,,,,no,,,,,DJPR,SRA1007279,,public,68B4BE12AB37461A4726209E2FEB7330,66AB544187DB3A643BAA6DC6636821D8
SRR10600893,2019-12-09 05:17:17,2019-12-07 15:30:03,80961572,21361943095,80961516,263,8371,,https://sra-downloadb.be-md.ncbi.nlm.nih.gov/sos5/sra-pub-zq-14/SRR010/600/SRR10600893.sralite.1,SRX7280566,Female Mature plant reproductive bud,RNA-Seq,RANDOM,TRANSCRIPTOMIC,PAIRED,0,0,ILLUMINA,Illumina HiSeq 3000,SRP234963,PRJNA560453,3,560453,SRS5774423,SAMN13503295,simple,3483,Cannabis sativa,Female Mature plant reproductive bud,,,,,,,no,,,,,DJPR,SRA1007279,,public,B54F1439FBDDF1F94D059886AA60E20D,33F5E4043D1C48C934D708E5646A3464
SRR10600889,2019-12-09 05:17:17,2019-12-07 14:35:21,21800124,5720221563,21800110,262,2343,,https://sra-downloadb.be-md.ncbi.nlm.nih.gov/sos5/sra-pub-zq-14/SRR010/600/SRR10600889.sralite.1,SRX7280570,Female Maturing plant - reproductive bud,RNA-Seq,RANDOM,TRANSCRIPTOMIC,PAIRED,0,0,ILLUMINA,Illumina HiSeq 3000,SRP234963,PRJNA560453,3,560453,SRS5774427,SAMN13503299,simple,3483,Cannabis sativa,Female Maturing plant - reproductive bud,,,,,,,no,,,,,DJPR,SRA1007279,,public,FF3ED5F4821CEF7A611141975DF97FA0,6A94C90FC79A91853F3878AD22725F7A
SRR10600890,2019-12-09 05:17:17,2019-12-07 14:36:51,25989985,6883042982,25989975,264,2681,,https://sra-downloadb.be-md.ncbi.nlm.nih.gov/sos5/sra-pub-zq-14/SRR010/600/SRR10600890.sralite.1,SRX7280569,Female Maturing plant - reproductive leaf,RNA-Seq,RANDOM,TRANSCRIPTOMIC,PAIRED,0,0,ILLUMINA,Illumina HiSeq 3000,SRP234963,PRJNA560453,3,560453,SRS5774426,SAMN13503298,simple,3483,Cannabis sativa,Female Maturing plant - reproductive leaf,,,,,,,no,,,,,DJPR,SRA1007279,,public,F5B66A448856E32BFDB312C826FE8137,72E27D30E59EA18E949F0D63A1A224AA
SRR10600894,2019-12-09 05:17:17,2019-12-07 15:01:31,63136297,16597585502,63136262,262,6770,,https://sra-downloadb.be-md.ncbi.nlm.nih.gov/sos5/sra-pub-zq-14/SRR010/600/SRR10600894.sralite.1,SRX7280565,Female Reproductive immature bud,RNA-Seq,RANDOM,TRANSCRIPTOMIC,PAIRED,0,0,ILLUMINA,Illumina HiSeq 3000,SRP234963,PRJNA560453,3,560453,SRS5774422,SAMN13503294,simple,3483,Cannabis sativa,Female Reproductive immature bud,,,,,,,no,,,,,DJPR,SRA1007279,,public,756AD7671D8B8695F71587D167B75FC0,514B48CF4513362F8EFE0451D6964E1C
SRR10600885,2019-12-09 05:17:17,2019-12-07 15:00:24,72796657,19560982520,72796536,268,7304,,https://sra-downloadb.be-md.ncbi.nlm.nih.gov/sos9/sra-pub-zq-922/SRR010/600/SRR10600885.sralite.1,SRX7280574,Female Root-mid,RNA-Seq,RANDOM,TRANSCRIPTOMIC,PAIRED,0,0,ILLUMINA,Illumina HiSeq 3000,SRP234963,PRJNA560453,3,560453,SRS5774431,SAMN13503302,simple,3483,Cannabis sativa,Female Root-mid,,,,,,,no,,,,,DJPR,SRA1007279,,public,10362D332401DED9B0B7BE82D92776D9,5DEDFEF12615594BD377A8E6113CB2BD
SRR10600884,2019-12-09 05:17:17,2019-12-07 14:49:44,65362254,17515251940,65362160,267,6592,,https://sra-downloadb.be-md.ncbi.nlm.nih.gov/sos9/sra-pub-zq-922/SRR010/600/SRR10600884.sralite.1,SRX7280575,Female Root-tip,RNA-Seq,RANDOM,TRANSCRIPTOMIC,PAIRED,0,0,ILLUMINA,Illumina HiSeq 3000,SRP234963,PRJNA560453,3,560453,SRS5774432,SAMN13503303,simple,3483,Cannabis sativa,Female Root-tip,,,,,,,no,,,,,DJPR,SRA1007279,,public,2F585F4D35EED4C60799285F603B6A03,D5AAA6995770737D0D6AC345A492940A
SRR10600900,2019-12-09 05:17:17,2019-12-07 16:39:31,192081278,50379841768,192080894,262,20567,,https://sra-downloadb.be-md.ncbi.nlm.nih.gov/sos5/sra-pub-zq-14/SRR010/10600/SRR10600900/SRR10600900.lite.1,SRX7280559,Female Vegetative Leaf - fresh cutting -Rep2,RNA-Seq,RANDOM,TRANSCRIPTOMIC,PAIRED,0,0,ILLUMINA,Illumina HiSeq 3000,SRP234963,PRJNA560453,3,560453,SRS5774416,SAMN13503289,simple,3483,Cannabis sativa,Female Vegetative Leaf - fresh cutting -Rep2,,,,,,,no,,,,,DJPR,SRA1007279,,public,EA9CAD40C3E40F52A962E6D005E29AC1,E0921EB4CDCCB75F1D4F699881E8B6DD
SRR10600901,2019-12-09 05:17:17,2019-12-07 14:41:01,17409537,4583891897,17409523,263,1852,,https://sra-downloadb.be-md.ncbi.nlm.nih.gov/sos5/sra-pub-zq-16/SRR010/600/SRR10600901.sralite.1,SRX7280558,Female Vegetative Leaf - fresh cutting-Rep1,RNA-Seq,RANDOM,TRANSCRIPTOMIC,PAIRED,0,0,ILLUMINA,Illumina HiSeq 3000,SRP234963,PRJNA560453,3,560453,SRS5774415,SAMN13503288,simple,3483,Cannabis sativa,Female Vegetative Leaf - fresh cutting-Rep1,,,,,,,no,,,,,DJPR,SRA1007279,,public,2AF5A2882ABA197F807AAC9EC40D5924,56E0733B3705401CCEB6D0295D18166A
SRR10600910,2019-12-09 05:17:16,2019-12-07 14:56:04,37142260,9921409178,37142213,267,4029,,https://sra-downloadb.be-md.ncbi.nlm.nih.gov/sos9/sra-pub-zq-922/SRR010/600/SRR10600910.sralite.1,SRX7280549,Female_Flower_Stage1-Rep5,RNA-Seq,RANDOM,TRANSCRIPTOMIC,PAIRED,0,0,ILLUMINA,Illumina HiSeq 3000,SRP234963,PRJNA560453,3,560453,SRS5774406,SAMN13503244,simple,3483,Cannabis sativa,Female_Flower_Stage1-Rep5,,,,,,,no,,,,,DJPR,SRA1007279,,public,4D4629C4FC7C88FA744A64B1CC1C78CD,244D4B2A9C86846791C31053B1871D38
SRR10600899,2019-12-09 05:17:17,2019-12-07 14:48:30,32530297,8701825849,32530254,267,3526,,https://sra-downloadb.be-md.ncbi.nlm.nih.gov/sos5/sra-pub-zq-16/SRR010/600/SRR10600899.sralite.1,SRX7280560,Female_Flower_Stage1-Rep6,RNA-Seq,RANDOM,TRANSCRIPTOMIC,PAIRED,0,0,ILLUMINA,Illumina HiSeq 3000,SRP234963,PRJNA560453,3,560453,SRS5774417,SAMN13503245,simple,3483,Cannabis sativa,Female_Flower_Stage1-Rep6,,,,,,,no,,,,,DJPR,SRA1007279,,public,DC7431A77024AB30DA5070D9C6C02E8C,A160FD3EEB68AF7757DCDE3422CA218F
SRR10600888,2019-12-09 05:17:17,2019-12-07 14:51:38,43320928,11488254959,43320902,265,4556,,https://sra-downloadb.be-md.ncbi.nlm.nih.gov/sos5/sra-pub-zq-16/SRR010/600/SRR10600888.sralite.1,SRX7280571,Female_Flower_Stage2-Rep1,RNA-Seq,RANDOM,TRANSCRIPTOMIC,PAIRED,0,0,ILLUMINA,Illumina HiSeq 3000,SRP234963,PRJNA560453,3,560453,SRS5774428,SAMN13503246,simple,3483,Cannabis sativa,Female_Flower_Stage2-Rep1,,,,,,,no,,,,,DJPR,SRA1007279,,public,32E61ABF5C8BEDF06CEA963FF9C9DBF5,A3B1AAD3A894DA5AC9AE8E80EF28D933
SRR10600877,2019-12-09 05:17:17,2019-12-07 14:27:00,35089421,9056589905,35089410,258,3929,,https://sra-downloadb.be-md.ncbi.nlm.nih.gov/sos9/sra-pub-zq-922/SRR010/600/SRR10600877.sralite.1,SRX7280582,Female_Flower_Stage2-Rep2,RNA-Seq,RANDOM,TRANSCRIPTOMIC,PAIRED,0,0,ILLUMINA,Illumina HiSeq 3000,SRP234963,PRJNA560453,3,560453,SRS5774439,SAMN13503247,simple,3483,Cannabis sativa,Female_Flower_Stage2-Rep2,,,,,,,no,,,,,DJPR,SRA1007279,,public,8BD9B31DBF251B179C72D4ACD60CD811,EBF60C56818E9C49A68ECC69CF716B0C
SRR10600875,2019-12-09 05:17:17,2019-12-07 14:32:26,44281206,11885453603,44281182,268,4726,,https://sra-downloadb.be-md.ncbi.nlm.nih.gov/sos5/sra-pub-zq-14/SRR010/600/SRR10600875.sralite.1,SRX7280584,Female_Flower_Stage2-Rep3,RNA-Seq,RANDOM,TRANSCRIPTOMIC,PAIRED,0,0,ILLUMINA,Illumina HiSeq 3000,SRP234963,PRJNA560453,3,560453,SRS5774441,SAMN13503248,simple,3483,Cannabis sativa,Female_Flower_Stage2-Rep3,,,,,,,no,,,,,DJPR,SRA1007279,,public,D644DF5EA7C396A226CC09FE9711B030,4A8793AAD8AE6015E85DF26C2E315188
SRR10600874,2019-12-09 05:17:17,2019-12-07 14:21:26,25989155,6940484657,25989126,267,2826,,https://sra-downloadb.be-md.ncbi.nlm.nih.gov/sos5/sra-pub-zq-16/SRR010/600/SRR10600874.sralite.1,SRX7280585,Female_Flower_Stage2-Rep4,RNA-Seq,RANDOM,TRANSCRIPTOMIC,PAIRED,0,0,ILLUMINA,Illumina HiSeq 3000,SRP234963,PRJNA560453,3,560453,SRS5774442,SAMN13503249,simple,3483,Cannabis sativa,Female_Flower_Stage2-Rep4,,,,,,,no,,,,,DJPR,SRA1007279,,public,65F2315081682BB92737AEF01BC339E9,52668FB87C2C3FABFF215258A0D5DEB7
SRR28955710,2024-05-08 14:58:17,2024-05-08 00:55:35,25686244,7757245688,25686244,302,2346,,https://sra-downloadb.be-md.ncbi.nlm.nih.gov/sos6/sra-pub-zq-40/SRR028/28955/SRR28955710/SRR28955710.lite.1,SRX24485620,GSM8256464,RNA-Seq,cDNA,TRANSCRIPTOMIC,PAIRED,0,0,ILLUMINA,Illumina NovaSeq 6000,SRP506213,PRJNA1108719,,1108719,SRS21235014,SAMN41256092,simple,3483,Cannabis sativa,GSM8256464,,,,,,,no,,,,,"DEPARTMENT OF BIO-HEALTH CONVERGENCE, KANGWON NATIONAL UNIVSERSITY",SRA1861364,,public,BB2BA404D673B5102F80C8F0884A394E,4DD841C1A8B8619D3E499E68935120CC
SRR28955709,2024-05-08 14:58:17,2024-05-08 00:51:12,27430743,8284084386,27430743,302,2571,,https://sra-downloadb.be-md.ncbi.nlm.nih.gov/sos6/sra-pub-zq-40/SRR028/28955/SRR28955709/SRR28955709.lite.1,SRX24485621,GSM8256465,RNA-Seq,cDNA,TRANSCRIPTOMIC,PAIRED,0,0,ILLUMINA,Illumina NovaSeq 6000,SRP506213,PRJNA1108719,,1108719,SRS21235017,SAMN41256091,simple,3483,Cannabis sativa,GSM8256465,,,,,,,no,,,,,"DEPARTMENT OF BIO-HEALTH CONVERGENCE, KANGWON NATIONAL UNIVSERSITY",SRA1861364,,public,97702A7AD3F6299BFD720CB04382DDC9,3FF9CA167AE9C400D4C5D84E31667650
SRR28955708,2024-05-08 14:58:17,2024-05-08 00:51:30,20181942,6094946484,20181942,302,1825,,https://sra-downloadb.be-md.ncbi.nlm.nih.gov/sos6/sra-pub-zq-40/SRR028/28955/SRR28955708/SRR28955708.lite.1,SRX24485622,GSM8256466,RNA-Seq,cDNA,TRANSCRIPTOMIC,PAIRED,0,0,ILLUMINA,Illumina NovaSeq 6000,SRP506213,PRJNA1108719,,1108719,SRS21235018,SAMN41256090,simple,3483,Cannabis sativa,GSM8256466,,,,,,,no,,,,,"DEPARTMENT OF BIO-HEALTH CONVERGENCE, KANGWON NATIONAL UNIVSERSITY",SRA1861364,,public,15DAFEF04F7612B6634DAC3C8C782DE6,F3E28C9ED1E8F4E8A320BB59CA2CBD15
SRR29474916,2024-09-01 02:51:56,2024-06-20 13:02:41,28715090,8614527000,28715090,300,2768,,https://sra-downloadb.be-md.ncbi.nlm.nih.gov/sos6/sra-pub-zq-40/SRR029/29474/SRR29474916/SRR29474916.lite.1,SRX24986818,S1,RNA-Seq,PolyA,TRANSCRIPTOMIC,PAIRED,0,0,ILLUMINA,Illumina NovaSeq 6000,SRP514995,PRJNA1126191,,1126191,SRS21688787,SAMN41926808,simple,3483,Cannabis sativa,L2_male_1,,,,,male,,no,,,,,UNIVERSITY COLLEGE DUBLIN,SRA1903506,,public,6B60A7E4A165A671BB01783AF9677313,9004BE8493335DABDA4654C7EDDF58B3
SRR29474915,2024-09-01 02:51:56,2024-06-20 13:02:32,33142427,9942728100,33142427,300,3233,,https://sra-downloadb.be-md.ncbi.nlm.nih.gov/sos6/sra-pub-zq-40/SRR029/29474/SRR29474915/SRR29474915.lite.1,SRX24986819,S2,RNA-Seq,PolyA,TRANSCRIPTOMIC,PAIRED,0,0,ILLUMINA,Illumina NovaSeq 6000,SRP514995,PRJNA1126191,,1126191,SRS21688788,SAMN41926809,simple,3483,Cannabis sativa,L2_male_2,,,,,male,,no,,,,,UNIVERSITY COLLEGE DUBLIN,SRA1903506,,public,6A801A4232F837271F2DBACEEF058967,CF34A9E749B3123792A33E5422375AAD
SRR10600883,2019-12-09 05:17:17,2019-12-07 14:38:25,47110414,12528620866,47110358,265,4944,,https://sra-downloadb.be-md.ncbi.nlm.nih.gov/sos9/sra-pub-zq-922/SRR010/600/SRR10600883.sralite.1,SRX7280576,Male Flower-Rep1,RNA-Seq,RANDOM,TRANSCRIPTOMIC,PAIRED,0,0,ILLUMINA,Illumina HiSeq 3000,SRP234963,PRJNA560453,3,560453,SRS5774433,SAMN13503304,simple,3483,Cannabis sativa,Male Flower-Rep1,,,,,,,no,,,,,DJPR,SRA1007279,,public,5B58F0F0DD8747820654A05C3F6021AA,794BF37EF6467C478AB3A13823FEB09F
SRR10600882,2019-12-09 05:17:17,2019-12-07 14:27:10,35101469,9354498641,35101430,266,3696,,https://sra-downloadb.be-md.ncbi.nlm.nih.gov/sos5/sra-pub-zq-16/SRR010/600/SRR10600882.sralite.1,SRX7280577,Male Flower-Rep2,RNA-Seq,RANDOM,TRANSCRIPTOMIC,PAIRED,0,0,ILLUMINA,Illumina HiSeq 3000,SRP234963,PRJNA560453,3,560453,SRS5774434,SAMN13503305,simple,3483,Cannabis sativa,Male Flower-Rep2,,,,,,,no,,,,,DJPR,SRA1007279,,public,C30CD360D4757A8E92DE61309E112802,5F6267185A88EF85823F28CE0349C02F
SRR10600881,2019-12-09 05:17:17,2019-12-07 14:19:23,20327310,5414798114,20327251,266,2118,,https://sra-downloadb.be-md.ncbi.nlm.nih.gov/sos5/sra-pub-zq-16/SRR010/600/SRR10600881.sralite.1,SRX7280578,Male Flower-Rep3,RNA-Seq,RANDOM,TRANSCRIPTOMIC,PAIRED,0,0,ILLUMINA,Illumina HiSeq 3000,SRP234963,PRJNA560453,3,560453,SRS5774435,SAMN13503306,simple,3483,Cannabis sativa,Male Flower-Rep3,,,,,,,no,,,,,DJPR,SRA1007279,,public,A707D794A9BDAF7B1788FAD871F7BC34,0228026E998F93888C08233CD484E70C
SRR10600880,2019-12-09 05:17:17,2019-12-07 14:25:28,32232146,8583465702,32232127,266,3377,,https://sra-downloadb.be-md.ncbi.nlm.nih.gov/sos9/sra-pub-zq-922/SRR010/600/SRR10600880.sralite.1,SRX7280579,Male Flower-Rep4,RNA-Seq,RANDOM,TRANSCRIPTOMIC,PAIRED,0,0,ILLUMINA,Illumina HiSeq 3000,SRP234963,PRJNA560453,3,560453,SRS5774436,SAMN13503307,simple,3483,Cannabis sativa,Male Flower-Rep4,,,,,,,no,,,,,DJPR,SRA1007279,,public,D798E33F4F406CB03088E95D2F02F7B0,5238A82BD127B857FE6E4F3019840A25
SRR10600879,2019-12-09 05:17:17,2019-12-07 14:31:48,44632850,11838868402,44632741,265,4662,,https://sra-downloadb.be-md.ncbi.nlm.nih.gov/sos5/sra-pub-zq-14/SRR010/600/SRR10600879.sralite.1,SRX7280580,Male Flower-Rep5,RNA-Seq,RANDOM,TRANSCRIPTOMIC,PAIRED,0,0,ILLUMINA,Illumina HiSeq 3000,SRP234963,PRJNA560453,3,560453,SRS5774437,SAMN13503308,simple,3483,Cannabis sativa,Male Flower-Rep5,,,,,,,no,,,,,DJPR,SRA1007279,,public,938FA16C57041FE0637216EC8053470C,3B6DF480F2614E4B90DC5080F3E90F7B
SRR10600878,2019-12-09 05:17:17,2019-12-07 14:26:31,33222273,8897805981,33222247,267,3485,,https://sra-downloadb.be-md.ncbi.nlm.nih.gov/sos9/sra-pub-zq-922/SRR010/600/SRR10600878.sralite.1,SRX7280581,Male Flower-Rep6,RNA-Seq,RANDOM,TRANSCRIPTOMIC,PAIRED,0,0,ILLUMINA,Illumina HiSeq 3000,SRP234963,PRJNA560453,3,560453,SRS5774438,SAMN13503309,simple,3483,Cannabis sativa,Male Flower-Rep6,,,,,,,no,,,,,DJPR,SRA1007279,,public,1969B79BE066553765CAA95743DDD09A,2B6C5C0C1D464575C79EA977C87AD5F9
SRR10600915,2019-12-09 05:17:16,2019-12-07 15:20:47,62187480,16533528376,62187211,265,6596,,https://sra-downloadb.be-md.ncbi.nlm.nih.gov/sos5/sra-pub-zq-16/SRR010/600/SRR10600915.sralite.1,SRX7280544,Trichome_Stage2-Rep6,RNA-Seq,RANDOM,TRANSCRIPTOMIC,PAIRED,0,0,ILLUMINA,Illumina HiSeq 3000,SRP234963,PRJNA560453,3,560453,SRS5774401,SAMN13503275,simple,3483,Cannabis sativa,Trichome_Stage2-Rep6,,,,,,,no,,,,,DJPR,SRA1007279,,public,63753B1B16FE79A6C9817C825375AC50,BED4ACC11CF24A945F1BF42926E3E7A2
SRR10600914,2019-12-09 05:17:16,2019-12-07 15:04:56,46097903,12385320891,46097877,268,4734,,https://sra-downloadb.be-md.ncbi.nlm.nih.gov/sos5/sra-pub-zq-14/SRR010/600/SRR10600914.sralite.1,SRX7280545,Trichome_Stage3-Rep1,RNA-Seq,RANDOM,TRANSCRIPTOMIC,PAIRED,0,0,ILLUMINA,Illumina HiSeq 3000,SRP234963,PRJNA560453,3,560453,SRS5774402,SAMN13503276,simple,3483,Cannabis sativa,Trichome_Stage3-Rep1,,,,,,,no,,,,,DJPR,SRA1007279,,public,7766BC14B0E88A6A1C671A82E81F795E,E52863441BB8BA3357445854FAD9F069
SRR10600913,2019-12-09 05:17:16,2019-12-07 14:56:29,31571563,8464727045,31571543,268,3383,,https://sra-downloadb.be-md.ncbi.nlm.nih.gov/sos9/sra-pub-zq-922/SRR010/600/SRR10600913.sralite.1,SRX7280546,Trichome_Stage3-Rep2,RNA-Seq,RANDOM,TRANSCRIPTOMIC,PAIRED,0,0,ILLUMINA,Illumina HiSeq 3000,SRP234963,PRJNA560453,3,560453,SRS5774403,SAMN13503277,simple,3483,Cannabis sativa,Trichome_Stage3-Rep2,,,,,,,no,,,,,DJPR,SRA1007279,,public,AC5840D8EA6B5B3AD8A265B2C2A1D1FA,85447AE187AE0DD6303ECC1DA3FB98F4
SRR10600912,2019-12-09 05:17:16,2019-12-07 14:56:50,32647189,8772638313,32647168,268,3506,,https://sra-downloadb.be-md.ncbi.nlm.nih.gov/sos5/sra-pub-zq-16/SRR010/600/SRR10600912.sralite.1,SRX7280547,Trichome_Stage3-Rep3,RNA-Seq,RANDOM,TRANSCRIPTOMIC,PAIRED,0,0,ILLUMINA,Illumina HiSeq 3000,SRP234963,PRJNA560453,3,560453,SRS5774404,SAMN13503278,simple,3483,Cannabis sativa,Trichome_Stage3-Rep3,,,,,,,no,,,,,DJPR,SRA1007279,,public,B4500EDFC5B3DC8A08ABBF9C70139E52,D3FC173CB3FCA1E250E17C8A2CBF3D3F
SRR10600911,2019-12-09 05:17:16,2019-12-07 15:01:50,43832180,11834896497,43832154,270,4562,,https://sra-downloadb.be-md.ncbi.nlm.nih.gov/sos5/sra-pub-zq-14/SRR010/600/SRR10600911.sralite.1,SRX7280548,Trichome_Stage3-Rep4,RNA-Seq,RANDOM,TRANSCRIPTOMIC,PAIRED,0,0,ILLUMINA,Illumina HiSeq 3000,SRP234963,PRJNA560453,3,560453,SRS5774405,SAMN13503279,simple,3483,Cannabis sativa,Trichome_Stage3-Rep4,,,,,,,no,,,,,DJPR,SRA1007279,,public,231EA467C0BA227E3C2BA7CC2A7ED01F,7E3D9C84395F029D308BB837E2E68472
SRR10600909,2019-12-09 05:17:16,2019-12-07 15:05:23,54806113,14732225273,54806059,268,5738,,https://sra-downloadb.be-md.ncbi.nlm.nih.gov/sos5/sra-pub-zq-16/SRR010/600/SRR10600909.sralite.1,SRX7280550,Trichome_Stage3-Rep5,RNA-Seq,RANDOM,TRANSCRIPTOMIC,PAIRED,0,0,ILLUMINA,Illumina HiSeq 3000,SRP234963,PRJNA560453,3,560453,SRS5774407,SAMN13503280,simple,3483,Cannabis sativa,Trichome_Stage3-Rep5,,,,,,,no,,,,,DJPR,SRA1007279,,public,12F55E92A2A6F6EBD5CA4EB6C64C52F0,E122AACA028DA7325B8ADC5DCD4FBD4D
SRR10600908,2019-12-09 05:17:16,2019-12-07 14:50:31,27827803,7467451968,27827770,268,3006,,https://sra-downloadb.be-md.ncbi.nlm.nih.gov/sos9/sra-pub-zq-922/SRR010/600/SRR10600908.sralite.1,SRX7280551,Trichome_Stage3-Rep6,RNA-Seq,RANDOM,TRANSCRIPTOMIC,PAIRED,0,0,ILLUMINA,Illumina HiSeq 3000,SRP234963,PRJNA560453,3,560453,SRS5774408,SAMN13503281,simple,3483,Cannabis sativa,Trichome_Stage3-Rep6,,,,,,,no,,,,,DJPR,SRA1007279,,public,4B2D23151A5F1F3F206DF36D1F763A9C,634563647D39EC42D4416CE2F1C0C5B5
SRR10600907,2019-12-09 05:17:17,2019-12-07 14:51:44,30188408,8091793352,30188389,268,3241,,https://sra-downloadb.be-md.ncbi.nlm.nih.gov/sos5/sra-pub-zq-16/SRR010/600/SRR10600907.sralite.1,SRX7280552,Trichome_Stage4-Rep1,RNA-Seq,RANDOM,TRANSCRIPTOMIC,PAIRED,0,0,ILLUMINA,Illumina HiSeq 3000,SRP234963,PRJNA560453,3,560453,SRS5774409,SAMN13503282,simple,3483,Cannabis sativa,Trichome_Stage4-Rep1,,,,,,,no,,,,,DJPR,SRA1007279,,public,79D0981666D383143F883715AF9A6285,9EC5F6C98B9EF28CD089EB24DA42A8C9
SRR10600906,2019-12-09 05:17:17,2019-12-07 14:49:45,26435649,7107726512,26435629,268,2742,,https://sra-downloadb.be-md.ncbi.nlm.nih.gov/sos5/sra-pub-zq-16/SRR010/600/SRR10600906.sralite.1,SRX7280553,Trichome_Stage4-Rep2,RNA-Seq,RANDOM,TRANSCRIPTOMIC,PAIRED,0,0,ILLUMINA,Illumina HiSeq 3000,SRP234963,PRJNA560453,3,560453,SRS5774410,SAMN13503283,simple,3483,Cannabis sativa,Trichome_Stage4-Rep2,,,,,,,no,,,,,DJPR,SRA1007279,,public,76FEC694DEDEBCA6FCCD9BCBB4EC4B5B,1A9626A40041C8FF201D9E65660729EC
SRR10600905,2019-12-09 05:17:17,2019-12-07 15:11:58,70091589,18878270158,70091554,269,7306,,https://sra-downloadb.be-md.ncbi.nlm.nih.gov/sos5/sra-pub-zq-16/SRR010/600/SRR10600905.sralite.1,SRX7280554,Trichome_Stage4-Rep3,RNA-Seq,RANDOM,TRANSCRIPTOMIC,PAIRED,0,0,ILLUMINA,Illumina HiSeq 3000,SRP234963,PRJNA560453,3,560453,SRS5774411,SAMN13503284,simple,3483,Cannabis sativa,Trichome_Stage4-Rep3,,,,,,,no,,,,,DJPR,SRA1007279,,public,A8A8A3D6A88510AA1223E44101E383BD,FAC97DA71EA8852DAD914EB980461EE4
SRR10600904,2019-12-09 05:17:17,2019-12-07 14:57:46,48867401,13217926754,48867385,270,5117,,https://sra-downloadb.be-md.ncbi.nlm.nih.gov/sos9/sra-pub-zq-922/SRR010/600/SRR10600904.sralite.1,SRX7280555,Trichome_Stage4-Rep4,RNA-Seq,RANDOM,TRANSCRIPTOMIC,PAIRED,0,0,ILLUMINA,Illumina HiSeq 3000,SRP234963,PRJNA560453,3,560453,SRS5774412,SAMN13503285,simple,3483,Cannabis sativa,Trichome_Stage4-Rep4,,,,,,,no,,,,,DJPR,SRA1007279,,public,6522B10E304F540141009B71C355D491,610783DBEB9DB0F900105DE8B60128F8
SRR10600903,2019-12-09 05:17:17,2019-12-07 14:59:02,52552913,13991411731,52552675,266,5450,,https://sra-downloadb.be-md.ncbi.nlm.nih.gov/sos9/sra-pub-zq-922/SRR010/600/SRR10600903.sralite.1,SRX7280556,Trichome_Stage4-Rep5,RNA-Seq,RANDOM,TRANSCRIPTOMIC,PAIRED,0,0,ILLUMINA,Illumina HiSeq 3000,SRP234963,PRJNA560453,3,560453,SRS5774413,SAMN13503286,simple,3483,Cannabis sativa,Trichome_Stage4-Rep5,,,,,,,no,,,,,DJPR,SRA1007279,,public,7B6EAD7E85DA7D441A0B85080578635D,50811BF89F3C2A22799DCC68746C31A2
SRR10600902,2019-12-09 05:17:17,2019-12-07 15:01:33,55094380,14831712250,55094338,269,5756,,https://sra-downloadb.be-md.ncbi.nlm.nih.gov/sos5/sra-pub-zq-14/SRR010/600/SRR10600902.sralite.1,SRX7280557,Trichome_Stage4-Rep6,RNA-Seq,RANDOM,TRANSCRIPTOMIC,PAIRED,0,0,ILLUMINA,Illumina HiSeq 3000,SRP234963,PRJNA560453,3,560453,SRS5774414,SAMN13503287,simple,3483,Cannabis sativa,Trichome_Stage4-Rep6,,,,,,,no,,,,,DJPR,SRA1007279,,public,F43140E969BA8F583D4CFF54DBB862FD,B576BC737DA6620B5F76373E5962C811
SRR29474913,2024-09-01 02:51:56,2024-06-20 13:03:42,29497825,8849347500,29497825,300,2822,,https://sra-downloadb.be-md.ncbi.nlm.nih.gov/sos6/sra-pub-zq-40/SRR029/29474/SRR29474913/SRR29474913.lite.1,SRX24986821,S12,RNA-Seq,PolyA,TRANSCRIPTOMIC,PAIRED,0,0,ILLUMINA,Illumina NovaSeq 6000,SRP514995,PRJNA1126191,,1126191,SRS21688789,SAMN41926819,simple,3483,Cannabis sativa,L4_male_4,,,,,male,,no,,,,,UNIVERSITY COLLEGE DUBLIN,SRA1903506,,public,5D8A1AA31A7F9FAC9F5C10B8E94B15BE,8FCEFC42F627AC1FCCD0E5571CE0001D
SRR29474910,2024-09-01 02:51:56,2024-06-20 13:01:33,28710473,8613141900,28710473,300,2726,,https://sra-downloadb.be-md.ncbi.nlm.nih.gov/sos6/sra-pub-zq-40/SRR029/29474/SRR29474910/SRR29474910.lite.1,SRX24986823,S9,RNA-Seq,PolyA,TRANSCRIPTOMIC,PAIRED,0,0,ILLUMINA,Illumina NovaSeq 6000,SRP514995,PRJNA1126191,,1126191,SRS21688790,SAMN41926816,simple,3483,Cannabis sativa,L4_male_1,,,,,male,,no,,,,,UNIVERSITY COLLEGE DUBLIN,SRA1903506,,public,21AE7D0DD45857E505C97D0FD8B30710,6700FB73A80DF097300C52E0AB9A59BD
SRR29474911,2024-09-01 02:51:56,2024-06-20 13:03:43,29489812,8846943600,29489812,300,2806,,https://sra-downloadb.be-md.ncbi.nlm.nih.gov/sos6/sra-pub-zq-40/SRR029/29474/SRR29474911/SRR29474911.lite.1,SRX24986822,S10,RNA-Seq,PolyA,TRANSCRIPTOMIC,PAIRED,0,0,ILLUMINA,Illumina NovaSeq 6000,SRP514995,PRJNA1126191,,1126191,SRS21688791,SAMN41926817,simple,3483,Cannabis sativa,L4_male_2,,,,,male,,no,,,,,UNIVERSITY COLLEGE DUBLIN,SRA1903506,,public,40DF6BAE82D6AFA1F5B4B6E1752E8AAA,FA274A00E24CE4C804404C98587693C0
SRR29474909,2024-09-01 02:51:56,2024-06-20 13:04:41,29935328,8980598400,29935328,300,2921,,https://sra-downloadb.be-md.ncbi.nlm.nih.gov/sos6/sra-pub-zq-40/SRR029/29474/SRR29474909/SRR29474909.lite.1,SRX24986824,S8,RNA-Seq,PolyA,TRANSCRIPTOMIC,PAIRED,0,0,ILLUMINA,Illumina NovaSeq 6000,SRP514995,PRJNA1126191,,1126191,SRS21688792,SAMN41926815,simple,3483,Cannabis sativa,L2_female_4,,,,,female,,no,,,,,UNIVERSITY COLLEGE DUBLIN,SRA1903506,,public,74A17B8E2D9D17E3A9B5DCCE9B143053,1CF56A74D000C27A83DEE1FB9599EEC3
SRR29474914,2024-09-01 02:51:56,2024-06-20 13:01:19,26674623,8002386900,26674623,300,2542,,https://sra-downloadb.be-md.ncbi.nlm.nih.gov/sos6/sra-pub-zq-40/SRR029/29474/SRR29474914/SRR29474914.lite.1,SRX24986820,S11,RNA-Seq,PolyA,TRANSCRIPTOMIC,PAIRED,0,0,ILLUMINA,Illumina NovaSeq 6000,SRP514995,PRJNA1126191,,1126191,SRS21688793,SAMN41926818,simple,3483,Cannabis sativa,L4_male_3,,,,,male,,no,,,,,UNIVERSITY COLLEGE DUBLIN,SRA1903506,,public,FDC7AA970CEBFE1B249D296E26686D75,0925533CBD768204E52CF5F8DE84DE23
SRR29474907,2024-09-01 02:51:56,2024-06-20 13:01:02,28819076,8645722800,28819076,300,2764,,https://sra-downloadb.be-md.ncbi.nlm.nih.gov/sos6/sra-pub-zq-40/SRR029/29474/SRR29474907/SRR29474907.lite.1,SRX24986827,S5,RNA-Seq,PolyA,TRANSCRIPTOMIC,PAIRED,0,0,ILLUMINA,Illumina NovaSeq 6000,SRP514995,PRJNA1126191,,1126191,SRS21688794,SAMN41926812,simple,3483,Cannabis sativa,L2_female_1,,,,,female,,no,,,,,UNIVERSITY COLLEGE DUBLIN,SRA1903506,,public,2AC6045537051188FCFB7506BBEBC4BB,105066D3C06D1A0DE46A62139B6381E1
SRR29474908,2024-09-01 02:51:56,2024-06-20 13:01:07,29452514,8835754200,29452514,300,2819,,https://sra-downloadb.be-md.ncbi.nlm.nih.gov/sos6/sra-pub-zq-40/SRR029/29474/SRR29474908/SRR29474908.lite.1,SRX24986826,S6,RNA-Seq,PolyA,TRANSCRIPTOMIC,PAIRED,0,0,ILLUMINA,Illumina NovaSeq 6000,SRP514995,PRJNA1126191,,1126191,SRS21688795,SAMN41926813,simple,3483,Cannabis sativa,L2_female_2,,,,,female,,no,,,,,UNIVERSITY COLLEGE DUBLIN,SRA1903506,,public,9D45EC837FF735AD7340C9961CD3B208,6B0A037DB3E2EF0EF36DA3A8EF1D6A53
SRR29474912,2024-09-01 02:51:56,2024-06-20 12:59:38,29267543,8780262900,29267543,300,2801,,https://sra-downloadb.be-md.ncbi.nlm.nih.gov/sos6/sra-pub-zq-40/SRR029/29474/SRR29474912/SRR29474912.lite.1,SRX24986825,S7,RNA-Seq,PolyA,TRANSCRIPTOMIC,PAIRED,0,0,ILLUMINA,Illumina NovaSeq 6000,SRP514995,PRJNA1126191,,1126191,SRS21688796,SAMN41926814,simple,3483,Cannabis sativa,L2_female_3,,,,,female,,no,,,,,UNIVERSITY COLLEGE DUBLIN,SRA1903506,,public,5B435DA62B9FE1E81A334CE5ACA05AA6,14ABAB1DF9333A0047220B103F6D5089
SRR29474906,2024-09-01 02:51:56,2024-06-20 13:07:57,30243789,9073136700,30243789,300,2890,,https://sra-downloadb.be-md.ncbi.nlm.nih.gov/sos6/sra-pub-zq-40/SRR029/29474/SRR29474906/SRR29474906.lite.1,SRX24986828,S4,RNA-Seq,PolyA,TRANSCRIPTOMIC,PAIRED,0,0,ILLUMINA,Illumina NovaSeq 6000,SRP514995,PRJNA1126191,,1126191,SRS21688797,SAMN41926811,simple,3483,Cannabis sativa,L2_male_4,,,,,male,,no,,,,,UNIVERSITY COLLEGE DUBLIN,SRA1903506,,public,069A8F841E99B220F3BB69E8E01B6B98,503F7DF8CAE18C95F052E0B8155898E8
SRR29474905,2024-09-01 02:51:56,2024-06-20 12:58:37,29855436,8956630800,29855436,300,2845,,https://sra-downloadb.be-md.ncbi.nlm.nih.gov/sos6/sra-pub-zq-40/SRR029/29474/SRR29474905/SRR29474905.lite.1,SRX24986829,S3,RNA-Seq,PolyA,TRANSCRIPTOMIC,PAIRED,0,0,ILLUMINA,Illumina NovaSeq 6000,SRP514995,PRJNA1126191,,1126191,SRS21688798,SAMN41926810,simple,3483,Cannabis sativa,L2_male_3,,,,,male,,no,,,,,UNIVERSITY COLLEGE DUBLIN,SRA1903506,,public,658A73FD4C55CE5C71B066C498F68AFE,5AD30C0FC8506CC586928518294C5550
SRR29474903,2024-09-01 02:51:57,2024-06-20 13:01:38,29658338,8897501400,29658338,300,2884,,https://sra-downloadb.be-md.ncbi.nlm.nih.gov/sos6/sra-pub-zq-40/SRR029/29474/SRR29474903/SRR29474903.lite.1,SRX24986830,S20,RNA-Seq,PolyA,TRANSCRIPTOMIC,PAIRED,0,0,ILLUMINA,Illumina NovaSeq 6000,SRP514995,PRJNA1126191,,1126191,SRS21688799,SAMN41926827,simple,3483,Cannabis sativa,L9_female_4,,,,,female,,no,,,,,UNIVERSITY COLLEGE DUBLIN,SRA1903506,,public,35C4D93650BA16A7FE4376AA27DDE10E,4D6E6031E562777F2F9E061B5748F109
SRR29474902,2024-09-01 02:51:57,2024-06-20 13:04:34,29441451,8832435300,29441451,300,2825,,https://sra-downloadb.be-md.ncbi.nlm.nih.gov/sos6/sra-pub-zq-40/SRR029/29474/SRR29474902/SRR29474902.lite.1,SRX24986831,S19,RNA-Seq,PolyA,TRANSCRIPTOMIC,PAIRED,0,0,ILLUMINA,Illumina NovaSeq 6000,SRP514995,PRJNA1126191,,1126191,SRS21688800,SAMN41926826,simple,3483,Cannabis sativa,L9_female_3,,,,,female,,no,,,,,UNIVERSITY COLLEGE DUBLIN,SRA1903506,,public,353426E66FAD567359D4DE2C08EB84FF,210F381F643C726756170F2164DBECC8
SRR29474901,2024-09-01 02:51:57,2024-06-20 12:59:13,30382792,9114837600,30382792,300,2913,,https://sra-downloadb.be-md.ncbi.nlm.nih.gov/sos6/sra-pub-zq-40/SRR029/29474/SRR29474901/SRR29474901.lite.1,SRX24986832,S18,RNA-Seq,PolyA,TRANSCRIPTOMIC,PAIRED,0,0,ILLUMINA,Illumina NovaSeq 6000,SRP514995,PRJNA1126191,,1126191,SRS21688801,SAMN41926825,simple,3483,Cannabis sativa,L9_female_2,,,,,female,,no,,,,,UNIVERSITY COLLEGE DUBLIN,SRA1903506,,public,019E5B3087A0F180ED9BBCD60C7306D5,A8FD98630A6FEBA957966CCCB316D412
SRR29474904,2024-09-01 02:51:57,2024-06-20 13:01:30,27697509,8309252700,27697509,300,2669,,https://sra-downloadb.be-md.ncbi.nlm.nih.gov/sos6/sra-pub-zq-40/SRR029/29474/SRR29474904/SRR29474904.lite.1,SRX24986833,S17,RNA-Seq,PolyA,TRANSCRIPTOMIC,PAIRED,0,0,ILLUMINA,Illumina NovaSeq 6000,SRP514995,PRJNA1126191,,1126191,SRS21688802,SAMN41926824,simple,3483,Cannabis sativa,L9_female_1,,,,,female,,no,,,,,UNIVERSITY COLLEGE DUBLIN,SRA1903506,,public,49CF25C8458EEED98385FB35B3E3D14B,EC7B5571E459F1A5924573A2BEF39B78
SRR29474900,2024-09-01 02:51:57,2024-06-20 13:05:09,30276285,9082885500,30276285,300,2931,,https://sra-downloadb.be-md.ncbi.nlm.nih.gov/sos6/sra-pub-zq-40/SRR029/29474/SRR29474900/SRR29474900.lite.1,SRX24986834,S16,RNA-Seq,PolyA,TRANSCRIPTOMIC,PAIRED,0,0,ILLUMINA,Illumina NovaSeq 6000,SRP514995,PRJNA1126191,,1126191,SRS21688803,SAMN41926823,simple,3483,Cannabis sativa,L4_female_4,,,,,female,,no,,,,,UNIVERSITY COLLEGE DUBLIN,SRA1903506,,public,8281D25118D6F1E71112C1B1A7D22CB9,EB70CFC19DB073B187BB2D8434AF86CC
SRR29474899,2024-09-01 02:51:57,2024-06-20 12:59:18,29093890,8728167000,29093890,300,2793,,https://sra-downloadb.be-md.ncbi.nlm.nih.gov/sos6/sra-pub-zq-40/SRR029/29474/SRR29474899/SRR29474899.lite.1,SRX24986835,S15,RNA-Seq,PolyA,TRANSCRIPTOMIC,PAIRED,0,0,ILLUMINA,Illumina NovaSeq 6000,SRP514995,PRJNA1126191,,1126191,SRS21688804,SAMN41926822,simple,3483,Cannabis sativa,L4_female_3,,,,,female,,no,,,,,UNIVERSITY COLLEGE DUBLIN,SRA1903506,,public,01F4EAE34FEFF785BE58D42CD18700B2,105C56CE073D028ADB35559DE0F368D4
SRR29474898,2024-09-01 02:51:57,2024-06-20 13:03:29,29814104,8944231200,29814104,300,2867,,https://sra-downloadb.be-md.ncbi.nlm.nih.gov/sos6/sra-pub-zq-40/SRR029/29474/SRR29474898/SRR29474898.lite.1,SRX24986836,S14,RNA-Seq,PolyA,TRANSCRIPTOMIC,PAIRED,0,0,ILLUMINA,Illumina NovaSeq 6000,SRP514995,PRJNA1126191,,1126191,SRS21688805,SAMN41926821,simple,3483,Cannabis sativa,L4_female_2,,,,,female,,no,,,,,UNIVERSITY COLLEGE DUBLIN,SRA1903506,,public,1EB469144C5DCF1569765DC311CC00F8,9DC8FD4C18A3EE83AEA57E62E6456826
SRR29474897,2024-09-01 02:51:57,2024-06-20 12:59:33,29941568,8982470400,29941568,300,2902,,https://sra-downloadb.be-md.ncbi.nlm.nih.gov/sos6/sra-pub-zq-40/SRR029/29474/SRR29474897/SRR29474897.lite.1,SRX24986837,S13,RNA-Seq,PolyA,TRANSCRIPTOMIC,PAIRED,0,0,ILLUMINA,Illumina NovaSeq 6000,SRP514995,PRJNA1126191,,1126191,SRS21688806,SAMN41926820,simple,3483,Cannabis sativa,L4_female_1,,,,,female,,no,,,,,UNIVERSITY COLLEGE DUBLIN,SRA1903506,,public,C5085516700C3CBAA47F96B1199BB2CC,E7A1C2190A2060F9D623E49C5B6E5CF2
SRR33595221,2025-05-16 09:59:26,2025-05-16 09:37:24,27646111,8127844832,27646111,293,2822,,https://sra-downloadb.be-md.ncbi.nlm.nih.gov/sos8/sra-pub-zq-818/SRR033/33595/SRR33595221/SRR33595221.lite.1,SRX28824808,1,RNA-Seq,PolyA,TRANSCRIPTOMIC,PAIRED,0,0,ILLUMINA,Illumina HiSeq 2500,SRP585786,PRJNA1173925,,1173925,SRS25057755,SAMN44323198,simple,3482,Cannabis,C4_1F,,,,,,,no,,,,,CHINESE ACADEMY OF AGRICULTURE SCIENCE,SRA2130892,,public,6525BAAB8265FA3F65232E6715CD7F2A,75F536C295BCA9D40C9564E09D7AF7D0
SRR33595219,2025-05-16 09:59:26,2025-05-16 09:32:12,26542939,7794152358,26542939,293,2715,,https://sra-downloadb.be-md.ncbi.nlm.nih.gov/sos8/sra-pub-zq-818/SRR033/33595/SRR33595219/SRR33595219.lite.1,SRX28824810,11,RNA-Seq,PolyA,TRANSCRIPTOMIC,PAIRED,0,0,ILLUMINA,Illumina HiSeq 2500,SRP585786,PRJNA1173925,,1173925,SRS25057757,SAMN44323208,simple,3482,Cannabis,C4_2L,,,,,,,no,,,,,CHINESE ACADEMY OF AGRICULTURE SCIENCE,SRA2130892,,public,1B9BF53373366B1CDC7F7EBB79EF7CA0,09FE282B6D158FC240EB349699944A41
SRR33595218,2025-05-16 09:59:26,2025-05-16 09:33:00,25079984,7357175885,25079984,293,2631,,https://sra-downloadb.be-md.ncbi.nlm.nih.gov/sos8/sra-pub-zq-818/SRR033/33595/SRR33595218/SRR33595218.lite.1,SRX28824811,12,RNA-Seq,PolyA,TRANSCRIPTOMIC,PAIRED,0,0,ILLUMINA,Illumina HiSeq 2500,SRP585786,PRJNA1173925,,1173925,SRS25057758,SAMN44323209,simple,3482,Cannabis,C4_3L,,,,,,,no,,,,,CHINESE ACADEMY OF AGRICULTURE SCIENCE,SRA2130892,,public,4487B828DC8AF58F6F70F61AC2DED5F8,A267DB3B98F29601DEDEC7674999E8F0
SRR33595220,2025-05-16 09:59:26,2025-05-16 09:36:46,24679484,7247099070,24679484,293,2532,,https://sra-downloadb.be-md.ncbi.nlm.nih.gov/sos8/sra-pub-zq-818/SRR033/33595/SRR33595220/SRR33595220.lite.1,SRX28824809,2,RNA-Seq,PolyA,TRANSCRIPTOMIC,PAIRED,0,0,ILLUMINA,Illumina HiSeq 2500,SRP585786,PRJNA1173925,,1173925,SRS25057759,SAMN44323199,simple,3482,Cannabis,C4_2F,,,,,,,no,,,,,CHINESE ACADEMY OF AGRICULTURE SCIENCE,SRA2130892,,public,0206E43A23D1D7C55B7D9C89F2FE0186,A4FB3F0FA50F4C1FAF5AC5986C0B11BF
SRR33595217,2025-05-16 09:59:26,2025-05-16 09:31:33,24954560,7318291523,24954560,293,2557,,https://sra-downloadb.be-md.ncbi.nlm.nih.gov/sos8/sra-pub-zq-818/SRR033/33595/SRR33595217/SRR33595217.lite.1,SRX28824812,3,RNA-Seq,PolyA,TRANSCRIPTOMIC,PAIRED,0,0,ILLUMINA,Illumina HiSeq 2500,SRP585786,PRJNA1173925,,1173925,SRS25057760,SAMN44323200,simple,3482,Cannabis,C4_3F,,,,,,,no,,,,,CHINESE ACADEMY OF AGRICULTURE SCIENCE,SRA2130892,,public,CCA3B6E48B64A8CADB6038BC2E48B13C,82F6355784CC8151C91786EBD0CB585F
SRR33595216,2025-05-16 09:59:27,2025-05-16 09:34:03,26468133,7764476255,26468133,293,2715,,https://sra-downloadb.be-md.ncbi.nlm.nih.gov/sos8/sra-pub-zq-818/SRR033/33595/SRR33595216/SRR33595216.lite.1,SRX28824813,4,RNA-Seq,PolyA,TRANSCRIPTOMIC,PAIRED,0,0,ILLUMINA,Illumina HiSeq 2500,SRP585786,PRJNA1173925,,1173925,SRS25057761,SAMN44323201,simple,3482,Cannabis,C4_1R,,,,,,,no,,,,,CHINESE ACADEMY OF AGRICULTURE SCIENCE,SRA2130892,,public,2CD2BF0AB8C912ECA81C1536CE58E43D,209C71512480B749B9AD790EBFC0ADB3
SRR33595214,2025-05-16 09:59:27,2025-05-16 09:33:05,23752917,6955388812,23752917,292,2414,,https://sra-downloadb.be-md.ncbi.nlm.nih.gov/sos8/sra-pub-zq-818/SRR033/33595/SRR33595214/SRR33595214.lite.1,SRX28824815,6,RNA-Seq,PolyA,TRANSCRIPTOMIC,PAIRED,0,0,ILLUMINA,Illumina HiSeq 2500,SRP585786,PRJNA1173925,,1173925,SRS25057762,SAMN44323203,simple,3482,Cannabis,C4_3R,,,,,,,no,,,,,CHINESE ACADEMY OF AGRICULTURE SCIENCE,SRA2130892,,public,1A53CCBCE9FA6DD054519CA01C1EE235,4A1C6327399A59EA0A3B4CE5262CC535
SRR33595213,2025-05-16 09:59:27,2025-05-16 09:32:38,24097169,7078344498,24097169,293,2442,,https://sra-downloadb.be-md.ncbi.nlm.nih.gov/sos8/sra-pub-zq-818/SRR033/33595/SRR33595213/SRR33595213.lite.1,SRX28824816,7,RNA-Seq,PolyA,TRANSCRIPTOMIC,PAIRED,0,0,ILLUMINA,Illumina HiSeq 2500,SRP585786,PRJNA1173925,,1173925,SRS25057763,SAMN44323204,simple,3482,Cannabis,C4_1S,,,,,,,no,,,,,CHINESE ACADEMY OF AGRICULTURE SCIENCE,SRA2130892,,public,44780D14F435CCE451D42B2B79A50CDC,1882E5365CDE7AEFBBCB185573D70AA7
SRR33595215,2025-05-16 09:59:27,2025-05-16 09:33:43,21009809,6163303332,21009809,293,2152,,https://sra-downloadb.be-md.ncbi.nlm.nih.gov/sos8/sra-pub-zq-818/SRR033/33595/SRR33595215/SRR33595215.lite.1,SRX28824814,5,RNA-Seq,PolyA,TRANSCRIPTOMIC,PAIRED,0,0,ILLUMINA,Illumina HiSeq 2500,SRP585786,PRJNA1173925,,1173925,SRS25057764,SAMN44323202,simple,3482,Cannabis,C4_2R,,,,,,,no,,,,,CHINESE ACADEMY OF AGRICULTURE SCIENCE,SRA2130892,,public,33199D8086C5B2635527FEED770B7841,84338B622A4ADD051B79DDFB16135367
SRR33595211,2025-05-16 09:59:27,2025-05-16 09:31:35,25373171,7458392439,25373171,293,2591,,https://sra-downloadb.be-md.ncbi.nlm.nih.gov/sos8/sra-pub-zq-818/SRR033/33595/SRR33595211/SRR33595211.lite.1,SRX28824818,9,RNA-Seq,PolyA,TRANSCRIPTOMIC,PAIRED,0,0,ILLUMINA,Illumina HiSeq 2500,SRP585786,PRJNA1173925,,1173925,SRS25057765,SAMN44323206,simple,3482,Cannabis,C4_3S,,,,,,,no,,,,,CHINESE ACADEMY OF AGRICULTURE SCIENCE,SRA2130892,,public,28AAD4CD79FF9F9F0C488357E5637402,F50E726F6440B3A8DE08E6FCDDD8A0F9
SRR33595212,2025-05-16 09:59:27,2025-05-16 09:32:46,27683442,8146319701,27683442,294,2811,,https://sra-downloadb.be-md.ncbi.nlm.nih.gov/sos8/sra-pub-zq-818/SRR033/33595/SRR33595212/SRR33595212.lite.1,SRX28824817,8,RNA-Seq,PolyA,TRANSCRIPTOMIC,PAIRED,0,0,ILLUMINA,Illumina HiSeq 2500,SRP585786,PRJNA1173925,,1173925,SRS25057766,SAMN44323205,simple,3482,Cannabis,C4_2S,,,,,,,no,,,,,CHINESE ACADEMY OF AGRICULTURE SCIENCE,SRA2130892,,public,E2AF98F5656A997E2D4D7A49892AC17D,C00A56A06C56CC2ADACB71F8E046DB22
SRR33595210,2025-05-16 09:59:27,2025-05-16 09:34:37,23354095,6834283903,23354095,292,2458,,https://sra-downloadb.be-md.ncbi.nlm.nih.gov/sos8/sra-pub-zq-818/SRR033/33595/SRR33595210/SRR33595210.lite.1,SRX28824819,10,RNA-Seq,PolyA,TRANSCRIPTOMIC,PAIRED,0,0,ILLUMINA,Illumina HiSeq 2500,SRP585786,PRJNA1173925,,1173925,SRS25057767,SAMN44323207,simple,3482,Cannabis,C4_1L,,,,,,,no,,,,,CHINESE ACADEMY OF AGRICULTURE SCIENCE,SRA2130892,,public,9DAB165AD871F2F6841B669E0B60E2DA,C8917B71F6E2D983C5A6DFAD2BCF859A
